time,latitude,longitude,depth,mag,magType,place
2014-03-18T01:48:37.000Z,60.7612,-143.1839,7.9,1.2,ml,Alaska
2014-03-18T01:13:22.700Z,33.4993,-116.468,10.3,1.2,Ml,California
2014-03-18T00:58:36.500Z,33.899,-116.0855,7.7,1.2,Ml,California
2014-03-18T00:56:25.100Z,38.8143,-122.8207,3.2,0.4,Md,California
2014-03-18T00:56:03.000Z,63.2099,-148.8977,74.2,1.1,ml,Alaska
2014-03-18T00:44:01.700Z,38.81,-122.818,3.5,0.6,Md,California
2014-03-18T00:34:33.300Z,38.8247,-122.7982,3.2,0.8,Md,California
2014-03-18T00:26:16.830Z,-16.7968,167.0934,34.06,4.7,mb,Vanuatu
2014-03-18T00:13:05.800Z,34.3262,-116.834,5.4,1.5,Ml,California
2014-03-18T00:10:12.000Z,63.5207,-147.443,2.9,0.8,ml,Alaska
2014-03-17T23:53:43.000Z,63.0629,-150.7361,100,1.7,ml,Alaska
2014-03-17T23:49:07.600Z,38.823,-122.8423,2.2,0.8,Md,California
2014-03-17T23:39:15.200Z,37.6218,-118.8393,6,0.6,Md,California
2014-03-17T23:38:19.740Z,36.0761,-97.5562,5.08,2.7,mb_lg,Oklahoma
2014-03-17T23:37:01.200Z,18.937,-64.3693,61,3.1,Md,British Virgin Islands
2014-03-17T23:36:53.300Z,19.3952,-155.268,1.6,1.8,Md,Hawaii
2014-03-17T23:35:52.000Z,19.3977,-155.254,3.2,1.8,md,Hawaii
2014-03-17T22:50:47.700Z,37.4437,-118.6767,6.9,1.5,Md,California
2014-03-17T22:38:11.130Z,12.3334,-90.1325,35,4.6,mb,El Salvador
2014-03-17T22:02:06.000Z,63.5196,-147.8601,0,1.7,ml,Alaska
2014-03-17T21:59:58.200Z,36.1083,-118.0677,5.6,1.4,Ml,California
2014-03-17T21:53:37.000Z,63.2447,-151.0751,15.2,1.8,ml,Alaska
2014-03-17T21:49:44.900Z,36.7525,-121.5965,0,1.6,Md,California
2014-03-17T21:27:59.200Z,32.977,-115.57,10.6,1.8,Ml,California
2014-03-17T21:22:24.000Z,63.0572,-151.4646,0,1.9,ml,Alaska
2014-03-17T21:20:46.600Z,38.7723,-122.7435,1.9,1.4,Md,California
2014-03-17T20:51:25.500Z,46.4285,-122.3872,13.9,0.5,Md,Washington
2014-03-17T20:45:36.500Z,38.7567,-122.7298,3,1.2,Md,California
2014-03-17T20:37:30.400Z,33.7053333,-116.8103333,17.72,0.84,ml,California
2014-03-17T20:34:56.430Z,35.0478333,-118.3183333,0.01,1.53,ml,California
2014-03-17T20:32:21.000Z,37.6353,-118.9167,7.6,0.2,Md,California
2014-03-17T20:30:23.280Z,35.503,-97.304,7.2,2.6,ml,Oklahoma
2014-03-17T20:26:00.900Z,38.835,-122.79,1.3,0.8,Md,California
2014-03-17T20:22:53.500Z,38.8258,-122.7817,2.4,0.8,Md,California
2014-03-17T20:07:13.100Z,38.8355,-122.8792,3.2,0.8,Md,California
2014-03-17T20:02:26.900Z,38.806,-122.821,3.4,0.7,Md,California
2014-03-17T19:46:45.000Z,37.6205,-118.8452,6.8,1.6,Md,California
2014-03-17T19:43:13.400Z,38.8117,-122.8165,3,1.6,Md,California
2014-03-17T19:41:37.660Z,34.1243333,-118.49,7.93,1.11,ml,California
2014-03-17T19:21:37.390Z,33.6698333,-116.7203333,16.87,0.47,ml,California
2014-03-17T19:15:59.990Z,36.0768333,-117.9018333,3.96,0.29,ml,California
2014-03-17T19:05:30.300Z,-20.0232,-70.6743,32.24,5.3,mb,Chile
2014-03-17T18:51:07.000Z,61.4948,-151.7907,0,2.2,ml,Alaska
2014-03-17T18:48:40.000Z,59.8384,-151.724,50.3,1.9,ml,Alaska
2014-03-17T18:45:55.260Z,35.893,-97.275,5.1,3.1,ml,Oklahoma
2014-03-17T18:33:03.800Z,38.831,-122.7785,1.1,0.9,Md,California
2014-03-17T18:28:10.090Z,36.0983333,-117.8453333,2.89,0.51,ml,California
2014-03-17T18:25:14.280Z,36.094,-117.843,2.58,1.52,ml,California
2014-03-17T18:21:47.070Z,34.1541667,-117.3991667,8.37,0.62,ml,California
2014-03-17T18:17:07.300Z,38.811,-122.8258,2.9,1.4,Md,California
2014-03-17T18:13:48.000Z,61.8551,-148.4635,25.6,1.2,ml,Alaska
2014-03-17T18:04:20.010Z,33.1853333,-115.6386667,6.31,1.7,ml,California
2014-03-17T18:03:41.000Z,64.8775,-148.9712,8.2,1.4,ml,Alaska
2014-03-17T18:02:52.270Z,38.803833,-122.7941666,6.29,1.44,md,California
2014-03-17T18:00:48.100Z,38.8205,-122.8212,2.6,0.6,Md,California
2014-03-17T17:55:41.600Z,38.7595,-122.7023,2.1,1.1,Md,California
2014-03-17T17:30:12.100Z,18.3355,-65.0225,127,2.4,Md,U.S. Virgin Islands
2014-03-17T17:29:22.340Z,36.1148333,-118.057,1.13,2.17,ml,California
2014-03-17T17:29:06.000Z,63.3117,-144.9131,0,2.2,ml,Alaska
2014-03-17T17:07:32.900Z,34.1408333,-118.5006667,9.51,2.42,ml,California
2014-03-17T16:58:34.170Z,36.1286667,-118.0823333,5,1.02,ml,California
2014-03-17T16:57:23.720Z,38.8208351,-122.8249969,4.32,0.56,md,California
2014-03-17T16:55:22.600Z,38.8385,-122.7843,1.9,1.1,Md,California
2014-03-17T16:50:43.050Z,35.5071667,-118.2736667,10.02,1.04,ml,California
2014-03-17T16:46:20.170Z,36.1153333,-118.0576667,0.07,2.01,ml,California
2014-03-17T16:41:48.360Z,32.8996667,-116.2721667,7.84,1.89,ml,California
2014-03-17T16:37:11.300Z,38.8418,-122.8385,2.1,0.6,Md,California
2014-03-17T16:35:00.180Z,40.7243,78.4348,41.47,4.7,mb,China
2014-03-17T16:21:52.200Z,38.8358,-122.801,3.2,0.2,Md,California
2014-03-17T16:11:11.400Z,38.8117,-122.829,2.7,1.1,Md,California
2014-03-17T16:01:52.610Z,37.6221667,-118.8405,6.82,0.88,md,California
2014-03-17T16:01:21.380Z,36.1035,-117.8625,5.79,0.39,ml,California
2014-03-17T15:56:14.550Z,36.1015,-117.8588333,5.36,0.33,ml,California
2014-03-17T15:55:51.590Z,36.1078333,-117.8588333,5.41,0.29,ml,California
2014-03-17T15:51:04.410Z,33.5128333,-116.4658333,9.75,0.6,ml,California
2014-03-17T15:49:21.430Z,35.9278333,-117.1725,0.01,0.76,ml,California
2014-03-17T15:42:38.520Z,33.5143333,-116.4591667,8.22,0.48,ml,California
2014-03-17T15:19:50.030Z,33.2798333,-116.4346667,6.78,0.96,ml,California
2014-03-17T15:13:19.600Z,38.8308,-122.8115,2.5,0.9,Md,California
2014-03-17T15:07:54.840Z,-3.0295,130.2864,57.75,4.3,mb,Indonesia
2014-03-17T15:01:43.510Z,34.1211667,-118.49,8.51,1.3,ml,California
2014-03-17T14:54:24.230Z,36.1026667,-117.8725,6.18,0.75,ml,California
2014-03-17T14:45:50.880Z,34.115,-118.4845,8.57,1.31,ml,California
2014-03-17T14:40:15.000Z,64.5541,-148.8416,17.9,0.9,ml,Alaska
2014-03-17T14:28:15.000Z,61.8466,-148.5498,17.1,1.5,ml,Alaska
2014-03-17T14:23:39.620Z,34.1255,-118.4896667,8.58,2.62,ml,California
2014-03-17T14:05:54.000Z,65.1422,-150.299,13.8,1.7,ml,Alaska
2014-03-17T13:56:04.770Z,34.1193333,-118.4941667,9.63,1.46,ml,California
2014-03-17T13:55:07.700Z,34.1063333,-118.4803333,9.51,0.91,ml,California
2014-03-17T13:53:48.000Z,62.0485,-149.3602,35,1.5,ml,Alaska
2014-03-17T13:47:53.010Z,35.1876667,-118.2061667,1.53,2.16,ml,California
2014-03-17T13:34:33.990Z,34.1005,-118.4875,8.41,0.69,ml,California
2014-03-17T13:25:36.900Z,34.1346667,-118.4858333,9.88,4.39,mw,California
2014-03-17T13:24:51.900Z,-53.1605,-32.3478,25.42,5.6,mb,South Georgia Island region
2014-03-17T13:21:57.140Z,33.502,-116.4686667,9.36,0.35,ml,California
2014-03-17T13:12:56.860Z,24.0398,122.4538,37.08,5.3,mb,Japan
2014-03-17T12:55:01.100Z,19.2346,-68.1435,41,3.2,Md,Dominican Republic
2014-03-17T12:40:57.480Z,33.0858333,-116.538,9.37,1.03,ml,California
2014-03-17T12:26:03.920Z,5.0336,126.6811,84.87,4.7,mb,Philippines
2014-03-17T11:29:34.880Z,-20.1588,-70.857,17.83,4.4,mb,Chile
2014-03-17T11:28:50.300Z,38.8095,-122.8255,4.2,0.2,Md,California
2014-03-17T11:15:06.000Z,63.38,-145.0745,0,2,ml,Alaska
2014-03-17T11:12:15.300Z,-19.9298,-70.948,14.53,5.2,mb,Chile
2014-03-17T11:06:35.400Z,36.7135,-121.3572,3.5,1.6,Md,California
2014-03-17T10:52:21.000Z,63.3114,-145.218,3.3,1.9,ml,Alaska
2014-03-17T10:49:59.000Z,63.3046,-145.2147,0.5,1.9,ml,Alaska
2014-03-17T10:43:17.000Z,35.987,-120.5517,10.9,0.7,Md,California
2014-03-17T10:41:43.000Z,60.2043,-140.8286,21.5,1.5,ml,Alaska
2014-03-17T10:40:35.140Z,33.3373333,-116.759,18.88,0.69,ml,California
2014-03-17T10:33:43.410Z,41.4136658,-121.8796692,2.61,1.72,md,California
2014-03-17T10:21:58.030Z,32.2345,-115.2638333,18.6,2.85,ml,Mexico
2014-03-17T09:57:54.300Z,38.7895,-122.7698,3.9,0.5,Md,California
2014-03-17T09:38:59.600Z,47.8933,-122.8552,17.8,0.8,Md,Washington
2014-03-17T09:26:09.790Z,33.8593333,-118.2998333,11.97,1.93,ml,California
2014-03-17T09:12:59.510Z,-20.0791,-70.7755,15.92,4.5,mb,Chile
2014-03-17T09:08:55.260Z,33.3385,-116.4205,8,0.95,ml,California
2014-03-17T09:02:50.070Z,36.9817,141.4921,13.38,5,mb,Japan
2014-03-17T09:02:03.300Z,38.8255,-122.7982,2.1,0.5,Md,California
2014-03-17T08:51:05.520Z,-20.0196,-70.8269,16.37,4.9,mb,Chile
2014-03-17T08:42:51.100Z,38.8107,-122.7437,3,0.6,Md,California
2014-03-17T08:42:02.300Z,38.7998,-122.8023,3.3,0.7,Md,California
2014-03-17T08:32:36.220Z,-20.0372,-70.6372,12.4,5.3,mb,Chile
2014-03-17T08:16:18.000Z,60.9509,-147.3679,20.4,1.9,ml,Alaska
2014-03-17T08:13:38.720Z,35.5187,-97.2924,10.56,3.3,mb_lg,Oklahoma
2014-03-17T08:13:37.650Z,36.105,-117.8611667,5.03,0.42,ml,California
2014-03-17T07:54:58.450Z,-20.0595,-70.8617,14.39,4.6,mb,Chile
2014-03-17T07:45:21.000Z,59.8417,-153.404,128.1,2.4,ml,Alaska
2014-03-17T07:23:29.000Z,63.0779,-151.4687,6.5,1.7,ml,Alaska
2014-03-17T07:18:41.100Z,44.8205,-110.542,4.7,1.9,Ml,Wyoming
2014-03-17T07:15:37.200Z,35.0606,-87.4607,8.9,2.3,md,Tennessee
2014-03-17T07:12:19.210Z,-3.5094,131.7253,36.95,4.8,mb,Indonesia
2014-03-17T07:12:01.600Z,38.8088,-122.8138,2.3,1,Md,California
2014-03-17T07:02:37.600Z,44.7805,-110.7827,5.7,0.6,Md,Montana
2014-03-17T06:51:25.700Z,36.5462,-121.1372,5.4,1.8,Md,California
2014-03-17T06:44:14.700Z,46.4177,-119.2798,0.4,0.9,Md,Washington
2014-03-17T06:29:05.490Z,31.6886667,-115.8983333,4.65,2.83,ml,Mexico
2014-03-17T06:25:52.870Z,34.0368333,-117.1016667,9.99,0.74,ml,California
2014-03-17T06:08:59.400Z,38.8248,-122.8033,3.6,0.6,Md,California
2014-03-17T06:00:01.880Z,36.031,-117.589,4.19,1.23,ml,California
2014-03-17T05:50:00.300Z,38.8097,-122.8125,2.6,0.9,Md,California
2014-03-17T05:35:15.600Z,36.7597,-121.4147,8.3,1.6,Md,California
2014-03-17T05:31:26.400Z,19.2147,-66.6856,34,3,Md,Puerto Rico
2014-03-17T05:30:14.190Z,9.5019,125.3151,84.63,5.1,mb,Philippines
2014-03-17T05:26:52.600Z,38.8107,-122.8222,2.4,0.8,Md,California
2014-03-17T05:22:05.900Z,39.2418,-122.7185,6.6,1.8,Md,California
2014-03-17T05:19:34.750Z,-19.984,-70.8918,12.01,5,mb,Chile
2014-03-17T05:11:34.980Z,-20.003,-70.8741,17,6.2,mww,Chile
2014-03-17T04:57:13.940Z,36.1068333,-117.8698333,5.65,0.11,ml,California
2014-03-17T04:53:22.480Z,33.6625,-116.7195,15.22,0.3,ml,California
2014-03-17T04:51:02.830Z,-19.9472,-176.0391,231.98,4.7,mb,Tonga
2014-03-17T04:45:35.100Z,38.8082,-122.814,0.9,0.7,Md,California
2014-03-17T04:39:24.730Z,34.2441667,-117.0475,5.2,0.79,ml,California
2014-03-17T04:36:40.300Z,36.482,-97.762,5,2.3,mb_lg,Oklahoma
2014-03-17T04:29:28.800Z,38.815,-122.8257,3,1.5,Md,California
2014-03-17T04:27:11.637Z,38.0986,-116.7636,2,1.53,ml,Nevada
2014-03-17T04:20:19.000Z,63.2591,-151.1276,17.5,1,ml,Alaska
2014-03-17T04:16:53.900Z,38.7937,-122.7953,3.2,0.5,Md,California
2014-03-17T04:14:51.440Z,-17.9747,-70.4164,94.49,4.8,mb,Peru
2014-03-17T03:57:22.800Z,38.8235,-122.7995,2.2,0.8,Md,California
2014-03-17T03:30:20.540Z,36.1065,-117.8706667,6.09,0.1,ml,California
2014-03-17T03:28:21.600Z,-20.0769,-70.754,10,4.6,mb,Chile
2014-03-17T02:52:22.230Z,37.9045,144.0749,36.47,4.6,mb,Japan
2014-03-17T02:43:04.600Z,37.6385,-118.9332,8.1,0.4,Md,California
2014-03-17T02:19:49.000Z,37.5208,-118.8292,8.1,1.9,Md,California
2014-03-17T02:18:33.000Z,63.2537,-151.024,0,1.8,ml,Alaska
2014-03-17T02:10:29.000Z,58.8229,-152.2411,12,3.5,ml,Alaska
2014-03-17T02:09:51.270Z,34.22,-117.5801667,7.61,0.87,ml,California
2014-03-17T02:05:58.330Z,-20.0345,-70.9705,23.63,4.6,mb,Chile
2014-03-17T01:55:51.780Z,36.7645,-121.4135,9.08,2.1,md,California
2014-03-17T01:47:03.700Z,38.8132,-122.8237,2.9,0.6,Md,California
2014-03-17T01:46:07.400Z,38.8223,-122.8443,1.8,0.6,Md,California
2014-03-17T01:34:55.820Z,-19.9781,-70.7659,10,5.2,mb,Chile
2014-03-17T01:15:53.100Z,19.2963,-155.3823,3.3,1.8,Md,Hawaii
2014-03-17T00:55:03.890Z,-20.0679,-70.7528,10,4.9,mb,Chile
2014-03-17T00:52:56.500Z,18.9972,-66.3895,53,2.5,Md,Puerto Rico
2014-03-17T00:52:10.200Z,36.7728,-121.4103,9.8,1,Md,California
2014-03-17T00:52:08.550Z,35.4835,-116.9368333,2.79,1.85,ml,California
2014-03-17T00:49:21.700Z,46.5775,-113.2365,4.2,2.5,mc,Montana
2014-03-17T00:42:00.000Z,65.0228,-147.4173,5.2,1,ml,Alaska
2014-03-17T00:35:26.860Z,-4.1113,100.4451,13.72,5,mb,Indonesia
2014-03-17T00:13:14.000Z,65.1397,-145.5139,13.3,1.5,ml,Alaska
2014-03-17T00:12:09.750Z,-20.0609,-70.6459,10,5.1,mb,Chile
2014-03-17T00:09:13.870Z,35.8701667,-118.1001667,14.2,0.61,ml,California
2014-03-17T00:00:05.000Z,63.3376,-147.7361,46.5,1.2,ml,Alaska
2014-03-16T23:52:48.500Z,38.8243332,-122.7761688,1.84,0.79,md,California
2014-03-16T23:20:21.000Z,61.405,-146.6821,33.3,1.8,ml,Alaska
2014-03-16T23:10:45.900Z,19.2882,-155.3882,2.5,2.2,Md,Hawaii
2014-03-16T23:09:01.000Z,64.6386,-146.9031,1.8,0.7,ml,Alaska
2014-03-16T23:08:11.600Z,-20.2268,-70.7359,10,4.9,mb,Chile
2014-03-16T23:04:23.700Z,19.2902,-155.3877,3.4,1.1,Md,Hawaii
2014-03-16T23:02:59.500Z,38.8215,-122.8258,3,0.9,Md,California
2014-03-16T23:00:50.600Z,38.7855,-122.7365,2,0.4,Md,California
2014-03-16T22:54:09.690Z,-18.854,-69.7894,11.86,4.9,mb,Chile
2014-03-16T22:46:20.000Z,62.9879,-148.1296,5,0.2,ml,Alaska
2014-03-16T22:44:56.200Z,38.7892,-122.7773,1,0.9,Md,California
2014-03-16T22:35:24.490Z,40.9261667,-122.462,17.76,2.6,md,California
2014-03-16T22:29:35.180Z,-19.984,-70.9083,10.92,4.9,mb,Chile
2014-03-16T22:13:50.270Z,32.8721667,-116.2303333,4.53,1.87,ml,California
2014-03-16T22:13:27.700Z,37.6303,-118.8907,5.5,0.6,Md,California
2014-03-16T22:11:29.000Z,37.6288,-118.8877,5.3,0.8,Md,California
2014-03-16T22:06:29.000Z,63.4242,-150.6565,0.1,1.4,ml,Alaska
2014-03-16T22:03:02.000Z,40.932,-122.4585,17.3,2.4,Md,California
2014-03-16T21:58:17.610Z,37.6701667,-118.8428333,6.36,0.28,md,California
2014-03-16T21:56:05.610Z,37.6258316,-118.8883362,5.64,1.25,md,California
2014-03-16T21:55:33.390Z,32.8751667,-116.2348333,4.02,3.47,ml,California
2014-03-16T21:39:59.000Z,62.1266,-149.4252,28.5,2.7,ml,Alaska
2014-03-16T21:28:11.400Z,38.8193,-122.7848,2.1,1,Md,California
2014-03-16T21:27:37.000Z,37.6272,-118.8897,5.6,1.1,Md,California
2014-03-16T21:26:27.380Z,-19.9317,-70.3046,35,5.1,mb,Chile
2014-03-16T21:23:11.000Z,63.5634,-147.6387,0.1,1.7,ml,Alaska
2014-03-16T21:16:30.770Z,-19.9246,-70.6278,20,6.7,mww,Chile
2014-03-16T21:13:34.800Z,38.8198,-122.7872,3.6,0.7,Md,California
2014-03-16T20:44:36.200Z,36.1755,-120.2817,11.3,2.8,Md,California
2014-03-16T20:43:36.000Z,38.8252,-122.8557,2.7,0.4,Md,California
2014-03-16T20:42:30.700Z,38.8253,-122.8558,2.7,1.2,Md,California
2014-03-16T20:37:23.680Z,36.1741667,-120.2775,11.06,2.13,md,California
2014-03-16T20:28:33.900Z,37.629,-118.8873,5.8,0.1,Md,California
2014-03-16T20:28:12.600Z,34.0357,-117.0973,8.2,1.1,Ml,California
2014-03-16T20:22:30.600Z,37.62,-118.8848,4.2,0.2,Md,California
2014-03-16T20:21:29.400Z,37.628,-118.888,5.7,0.8,Md,California
2014-03-16T20:19:43.720Z,37.6295,-118.8906667,5.56,0.14,md,California
2014-03-16T20:15:53.510Z,12.4147,-87.7851,72.88,4.2,mb,Nicaragua
2014-03-16T20:04:36.050Z,37.6251667,-118.8898333,5.41,2.26,md,California
2014-03-16T20:00:00.900Z,37.636,-118.9142,8.4,0.3,Md,California
2014-03-16T19:58:07.000Z,37.628334,-118.8884964,5.6,1.21,md,California
2014-03-16T19:53:02.600Z,37.6288,-118.8893,5.5,0.9,Md,California
2014-03-16T19:37:33.300Z,38.8363,-122.8015,2.6,1,Md,California
2014-03-16T19:37:12.600Z,38.8377,-122.8,2.2,0.6,Md,California
2014-03-16T19:25:15.200Z,19.4005,-155.2688,1.3,2.2,Ml,Hawaii
2014-03-16T19:05:23.200Z,38.8237,-122.7888,2.6,0.6,Md,California
2014-03-16T19:00:23.000Z,59.3858,-152.7599,90.2,2.8,ml,Alaska
2014-03-16T18:59:27.600Z,44.7355,-110.7892,6.5,1.2,Ml,Montana
2014-03-16T18:14:22.400Z,44.7627,-110.7763,5.3,1,Md,Montana
2014-03-16T18:13:18.000Z,36.2575,-120.3167,18.9,2,Md,California
2014-03-16T17:56:31.914Z,37.3175,-115.1704,8,0.95,ml,Nevada
2014-03-16T17:54:09.000Z,63.7421,-148.8332,86.1,0.8,ml,Alaska
2014-03-16T17:46:37.300Z,47.7535,-122.4503,21.1,0.9,Md,Washington
2014-03-16T17:40:42.300Z,38.8022,-122.7698,2.8,0.2,Md,California
2014-03-16T17:29:27.000Z,63.0771,-150.4171,93.4,1.9,ml,Alaska
2014-03-16T16:58:45.000Z,62.9397,-148.4587,41.8,0.2,ml,Alaska
2014-03-16T16:58:00.000Z,35.3122,-118.5312,4.2,1.9,Ml,California
2014-03-16T16:42:47.500Z,47.261,-121.9912,21.8,0.8,Md,Washington
2014-03-16T16:38:29.000Z,60.5244,-151.1964,100,1.6,ml,Alaska
2014-03-16T16:24:47.000Z,37.612,-118.869,2,1,Md,California
2014-03-16T16:21:45.000Z,61.5634,-149.7435,33.9,1.6,ml,Alaska
2014-03-16T16:17:56.600Z,36.7385,-121.3728,8.9,1,Md,California
2014-03-16T16:05:49.700Z,37.6623,-118.8515,4.5,0.3,Md,California
2014-03-16T16:00:59.400Z,33.5148,-116.5167,14.4,1.3,Ml,California
2014-03-16T15:55:09.500Z,33.7638,-117.1428,17.6,1.6,Ml,California
2014-03-16T15:45:19.000Z,19.0706,-66.5541,55,2.9,Md,Puerto Rico
2014-03-16T15:40:47.100Z,36.1298,-118.055,1.7,1.5,Ml,California
2014-03-16T15:40:12.000Z,62.6115,-149.5936,34.9,1,ml,Alaska
2014-03-16T15:33:05.900Z,38.8212,-122.8135,3.8,0.9,Md,California
2014-03-16T15:30:12.000Z,61.6697,-150.0056,9.4,1.8,ml,Alaska
2014-03-16T15:25:16.030Z,-5.6335,-80.9124,51.53,4.6,mb,Peru
2014-03-16T15:01:51.090Z,37.6338333,-118.892,8.52,0.22,md,California
2014-03-16T14:53:56.600Z,-8.7218,110.9839,76.04,4.9,mb,Indonesia
2014-03-16T14:51:45.300Z,36.5585,-121.0515,10.5,1.1,Md,California
2014-03-16T14:45:22.000Z,61.5973,-148.274,14.9,0.7,ml,Alaska
2014-03-16T14:42:21.000Z,35.0607,-119.0252,22.2,1.4,Ml,California
2014-03-16T14:40:56.100Z,37.534,-118.8352,5.2,0.5,Md,California
2014-03-16T14:35:39.900Z,37.5283,-118.833,4.4,0.2,Md,California
2014-03-16T14:34:40.030Z,28.1251,57.6376,10,4.5,mb,Iran
2014-03-16T14:18:39.000Z,61.9427,-153.432,33.7,1.9,ml,Alaska
2014-03-16T13:37:42.110Z,38.8100014,-122.7411652,2.62,1.59,md,California
2014-03-16T13:35:36.000Z,59.8058,-152.5893,32.4,2.3,ml,Alaska
2014-03-16T13:21:04.730Z,14.0429,-92.8617,33.94,4.5,mb,Mexico
2014-03-16T13:16:56.700Z,37.7792,-122.1023,11.2,2.2,Md,California
2014-03-16T12:39:29.400Z,17.9039,-67.1095,10,2,Md,Puerto Rico
2014-03-16T12:32:07.500Z,37.6135,-119.3562,8.2,1.2,Md,California
2014-03-16T12:11:38.200Z,38.8175,-122.795,3,1,Md,California
2014-03-16T12:01:55.000Z,37.6608,-118.8517,5.1,1.5,Md,California
2014-03-16T11:59:53.200Z,43.7355,-121.2152,4.5,0.9,Ml,Oregon
2014-03-16T11:47:35.700Z,46.7145,-120.7672,9.2,1.1,Md,Washington
2014-03-16T11:28:54.000Z,63.0801,-148.0876,4.8,1.2,ml,Alaska
2014-03-16T11:17:05.300Z,17.8034,-66.7983,16,1.8,Md,Puerto Rico
2014-03-16T11:15:24.920Z,-16.0141,-179.463,10,4.9,mb,Fiji
2014-03-16T11:14:07.000Z,63.0727,-148.0465,1.3,1.9,ml,Alaska
2014-03-16T11:09:59.000Z,62.4178,-148.3533,42.7,1,ml,Alaska
2014-03-16T10:56:42.000Z,38.748,-122.7453,1.9,0.9,Md,California
2014-03-16T10:47:22.700Z,33.6823,-116.77,18.2,1,Ml,California
2014-03-16T10:38:09.000Z,60.0033,-152.7853,87.2,1.9,ml,Alaska
2014-03-16T10:25:13.900Z,33.711,-116.7493,17.9,1.1,Ml,California
2014-03-16T09:25:59.000Z,67.0311,-144.8782,31.1,1.9,ml,Alaska
2014-03-16T09:14:09.800Z,35.8263,-117.7385,6.8,1.2,Ml,California
2014-03-16T08:59:25.000Z,62.7577,-150.2428,79.9,1.6,ml,Alaska
2014-03-16T08:46:20.320Z,37.181,-97.9001,2.52,3.7,mwr,Kansas
2014-03-16T08:42:09.700Z,33.9732,-117.2482,17.6,1.2,Ml,California
2014-03-16T08:24:49.000Z,66.6367,-154.6777,13.4,3,ml,Alaska
2014-03-16T08:21:41.800Z,37.6767,-118.867,1.2,0.3,Md,California
2014-03-16T08:18:49.000Z,63.2934,-150.5802,100,2.2,ml,Alaska
2014-03-16T08:05:46.300Z,33.7902,-117.6397,3.3,1.5,Ml,California
2014-03-16T07:50:38.000Z,62.3561,-149.0967,17.5,1.1,ml,Alaska
2014-03-16T07:36:31.500Z,37.7763,-122.1017,11.3,1.2,Md,California
2014-03-16T07:23:25.000Z,63.2344,-150.7407,131.4,2.1,ml,Alaska
2014-03-16T07:22:20.000Z,60.0753,-152.5407,88.1,2.2,ml,Alaska
2014-03-16T07:07:44.100Z,36.584,-121.193,7.7,1.4,Md,California
2014-03-16T07:06:00.400Z,46.4937,-119.4328,20.9,1,Md,Washington
2014-03-16T07:03:23.000Z,61.7109,-148.1079,19.8,0.6,ml,Alaska
2014-03-16T06:59:48.000Z,61.7806,-150.0244,36.8,1.5,ml,Alaska
2014-03-16T06:41:25.000Z,17.7966,-66.7287,10,2,Md,Puerto Rico
2014-03-16T06:33:21.700Z,38.7528,-122.707,3.5,0.6,Md,California
2014-03-16T06:10:09.000Z,60.285,-151.431,89.8,1.6,ml,Alaska
2014-03-16T06:09:11.000Z,65.1823,-149.8357,1.7,1.3,ml,Alaska
2014-03-16T06:09:04.100Z,38.8323,-122.8798,2.8,0.8,Md,California
2014-03-16T06:08:11.000Z,65.1683,-149.8741,7.1,1.4,ml,Alaska
2014-03-16T06:07:24.792Z,37.5586,-115.4691,4,1.54,ml,Nevada
2014-03-16T06:07:17.300Z,40.2377,-124.171,13.2,1.8,Md,California
2014-03-16T05:51:06.300Z,38.8168,-122.8183,3,1,Md,California
2014-03-16T05:41:21.600Z,36.107,-118.0553,0,1.5,Ml,California
2014-03-16T05:34:42.090Z,-21.7715,-177.955,348.76,4.8,mb,Fiji
2014-03-16T05:33:33.400Z,18.7061,-65.0158,2,2.7,Md,U.S. Virgin Islands
2014-03-16T05:32:13.800Z,42.4259,78.0518,23.12,4.4,mb,Kyrgyzstan
2014-03-16T05:26:29.500Z,19.5676,-64.2498,43,3.3,Md,British Virgin Islands
2014-03-16T05:20:09.900Z,37.664,-118.8487,5.3,0.6,Md,California
2014-03-16T05:19:04.000Z,62.3832,-149.1252,41.6,1.1,ml,Alaska
2014-03-16T04:53:46.700Z,17.915,-67.1286,9,1.9,Md,Puerto Rico
2014-03-16T04:41:39.000Z,63.4041,-151.4899,6.2,1.2,ml,Alaska
2014-03-16T04:36:48.400Z,17.7989,-66.7289,9,2,Md,Puerto Rico
2014-03-16T04:28:30.596Z,36.2907,-114.8836,0,1.62,ml,Nevada
2014-03-16T04:18:55.000Z,63.4995,-151.064,7,1.1,ml,Alaska
2014-03-16T03:54:28.000Z,66.7268,-152.1266,0.9,2.3,ml,Alaska
2014-03-16T03:52:50.200Z,33.6527,-116.7293,16.5,1.8,Ml,California
2014-03-16T03:46:09.700Z,40.8585,-125.0218,24.4,4,Mw,California
2014-03-16T03:41:18.000Z,63.1927,-150.5592,117.2,1.4,ml,Alaska
2014-03-16T03:38:06.900Z,38.795,-122.7933,3.8,0.9,Md,California
2014-03-16T03:35:54.200Z,34.4848,-118.113,14.4,1.7,Ml,California
2014-03-16T03:20:37.600Z,38.81,-122.813,2.8,0.7,Md,California
2014-03-16T03:17:38.430Z,35.8616,-97.4222,2.77,2.5,mb_lg,Oklahoma
2014-03-16T03:05:06.100Z,38.8105,-122.815,2.6,0.9,Md,California
2014-03-16T02:34:18.000Z,66.2249,-143.9299,0.1,2.1,ml,Alaska
2014-03-16T02:31:20.000Z,60.4534,-143.0955,9.3,1.5,ml,Alaska
2014-03-16T02:25:22.000Z,61.8257,-143.7167,7.2,1.7,ml,Alaska
2014-03-16T02:24:49.930Z,53.7498,-165.1528,56.81,4,mb,Alaska
2014-03-16T02:19:18.000Z,62.1282,-148.1083,32.7,1.2,ml,Alaska
2014-03-16T02:16:30.100Z,38.7922,-122.8085,3.2,2.1,Md,California
2014-03-16T02:03:04.000Z,63.423,-147.5906,20.7,0.5,ml,Alaska
2014-03-16T01:57:30.000Z,38.8332,-122.8087,2.8,0.9,Md,California
2014-03-16T01:15:16.300Z,38.8098,-122.8243,3.1,0.6,Md,California
2014-03-16T01:01:39.000Z,63.0525,-151.5442,14.1,1.2,ml,Alaska
2014-03-16T01:00:15.040Z,-7.446,126.0522,433.91,5,mb,East Timor
2014-03-16T00:54:35.100Z,38.8078,-122.8295,2.1,0.6,Md,California
2014-03-16T00:33:43.300Z,34.1168,-117.3007,4.2,1.3,Ml,California
2014-03-16T00:29:37.000Z,63.4696,-148.3954,16.7,0.9,ml,Alaska
2014-03-16T00:25:50.990Z,38.8008347,-122.8111649,3.36,1.04,md,California
2014-03-16T00:08:20.280Z,48.4711,152.3497,141.45,4.7,mb,Russia
2014-03-16T00:04:27.300Z,40.7838,-125.1607,23.5,3,Ml,California
2014-03-15T23:51:30.610Z,-5.566,-80.879,9.8,6.3,mwp,Peru
2014-03-15T23:48:21.600Z,19.466,-155.4468,5.4,2.3,Ml,Hawaii
2014-03-15T23:45:44.900Z,47.5405,-122.686,22.5,2.2,Ml,Washington
2014-03-15T23:32:14.000Z,63.4831,-150.8095,11.4,1.8,ml,Alaska
2014-03-15T23:29:48.000Z,63.4893,-146.1082,4.3,1.4,ml,Alaska
2014-03-15T23:27:03.900Z,40.5812,-124.0863,18.4,2.8,Md,California
2014-03-15T23:26:09.790Z,13.3839,-89.5955,68.93,4.3,mb,El Salvador
2014-03-15T23:24:39.000Z,63.0953,-147.775,7.2,1,ml,Alaska
2014-03-15T23:22:10.670Z,-14.2224,66.1115,10,4.8,mb,Mid-Indian Ridge
2014-03-15T23:14:44.100Z,38.8392,-122.7695,2.5,0.6,Md,California
2014-03-15T23:13:05.000Z,62.362,-149.0954,16.2,1.4,ml,Alaska
2014-03-15T23:00:56.200Z,34.1573,-117.6255,10.8,1.5,Ml,California
2014-03-15T23:00:25.500Z,38.8192,-122.7655,2.4,0.5,Md,California
2014-03-15T22:55:30.820Z,-23.9731,-70.1812,52.82,4.7,mb,Chile
2014-03-15T22:13:28.000Z,51.6866,-175.1503,20,3.1,ml,Alaska
2014-03-15T22:09:33.000Z,61.4652,-149.944,19.3,1.4,ml,Alaska
2014-03-15T21:45:09.500Z,38.8243,-122.8358,0.6,1.1,Md,California
2014-03-15T21:38:57.800Z,38.811,-122.835,3.7,0.6,Md,California
2014-03-15T21:23:25.000Z,49.3942,-120.5043,0,1.5,Md,Canada
2014-03-15T21:06:58.400Z,38.837,-122.7993,2,2.3,Md,California
2014-03-15T21:04:08.530Z,32.3383333,-115.4128333,9.03,2.63,ml,Mexico
2014-03-15T20:57:08.000Z,61.469,-151.7117,79.6,1.7,ml,Alaska
2014-03-15T20:56:52.720Z,36.8861667,-121.3986667,9.5,2.12,md,California
2014-03-15T20:51:45.000Z,56.4999,-156.0445,69.9,3.5,ml,Alaska
2014-03-15T20:45:06.000Z,51.5958,-175.1276,26,4.5,ml,Alaska
2014-03-15T20:14:24.990Z,-19.4336,-70.9658,9.63,4.7,mwr,Chile
2014-03-15T20:04:35.460Z,22.1842,121.4229,13.18,4.9,mwr,Taiwan
2014-03-15T19:51:41.100Z,19.1537,-66.9162,12,2.7,Md,Puerto Rico
2014-03-15T19:39:05.740Z,38.7981682,-122.8150024,4.61,0.55,md,California
2014-03-15T19:27:21.400Z,38.8238,-122.8558,3,1,Md,California
2014-03-15T19:27:05.160Z,36.632,-97.669,5,3,ml,Oklahoma
2014-03-15T19:24:17.700Z,40.7385,-124.3315,11.5,2.1,Md,California
2014-03-15T19:23:55.000Z,66.7362,-152.1264,1.6,2.4,ml,Alaska
2014-03-15T19:19:38.000Z,51.2806,-178.799,28.3,3.2,ml,Alaska
2014-03-15T19:15:01.430Z,36.636,-97.679,6.7,2.9,ml,Oklahoma
2014-03-15T19:12:13.200Z,36.637,-97.669,4.8,2.8,ml,Oklahoma
2014-03-15T19:05:51.000Z,51.3391,-177.78,21.8,2.5,ml,Alaska
2014-03-15T18:54:04.000Z,34.0207,-117.2322,16.5,2,Ml,California
2014-03-15T18:48:39.110Z,36.6172,-97.6633,3.57,2.8,mb_lg,Oklahoma
2014-03-15T18:42:05.800Z,34.6037,-118.6432,8.8,2,Ml,California
2014-03-15T18:35:14.800Z,37.6381683,-118.8801651,1.89,0.68,md,California
2014-03-15T18:03:00.980Z,38.8218346,-122.8261642,0.39,0.56,md,California
2014-03-15T17:57:55.200Z,38.8085,-122.816,3.2,0.6,Md,California
2014-03-15T17:57:16.230Z,38.7991676,-122.8404999,7.31,0.85,md,California
2014-03-15T17:49:06.100Z,32.1952,-116.3273,19.2,2.1,Ml,Mexico
2014-03-15T17:29:24.300Z,36.5658,-121.0575,9.5,1.2,Md,California
2014-03-15T17:13:00.800Z,33.6947,-116.7225,8.9,1,Ml,California
2014-03-15T17:10:08.600Z,19.1035,-66.4645,23,2.8,Md,Puerto Rico
2014-03-15T17:08:50.500Z,38.8153,-122.816,2.9,1.1,Md,California
2014-03-15T17:05:55.700Z,38.8348,-122.801,2.6,0.4,Md,California
2014-03-15T17:05:55.600Z,19.3368,-155.26,35.5,2,Md,Hawaii
2014-03-15T16:53:15.100Z,35.3045,-118.4982,7,1.4,Ml,California
2014-03-15T16:41:08.000Z,59.9581,-152.429,43.8,1.1,ml,Alaska
2014-03-15T16:35:57.200Z,34.594,-118.6445,7.7,1.2,Ml,California
2014-03-15T16:27:29.000Z,38.8335,-122.7672,1.7,0.6,Md,California
2014-03-15T16:23:30.900Z,38.8023,-122.479,8.5,1.7,Md,California
2014-03-15T16:16:25.200Z,34.5972,-118.6393,6.1,1.5,Ml,California
2014-03-15T16:15:49.000Z,60.6578,-140.7808,19,1.7,ml,Alaska
2014-03-15T15:41:53.000Z,61.2401,-151.1407,71.5,1.9,ml,Alaska
2014-03-15T15:34:13.000Z,64.2518,-145.3409,0.9,1.6,ml,Alaska
2014-03-15T15:30:13.200Z,38.8143,-122.8407,4,0.6,Md,California
2014-03-15T15:29:23.900Z,34.5998,-118.6465,8.1,1.7,Ml,California
2014-03-15T15:25:55.200Z,34.6002,-118.6488,8.9,1.6,Ml,California
2014-03-15T15:16:45.000Z,59.7362,-152.0582,19.6,1.8,ml,Alaska
2014-03-15T15:15:38.400Z,38.7873,-122.7623,1.3,1.6,Md,California
2014-03-15T15:12:19.860Z,34.6138333,-118.6311667,8.96,3.92,ml,California
2014-03-15T15:08:55.000Z,60.2054,-151.9619,68,1.7,ml,Alaska
2014-03-15T15:05:09.600Z,38.7937,-122.7573,1.6,1.6,Md,California
2014-03-15T14:56:35.000Z,63.0994,-151.4686,6.9,1.6,ml,Alaska
2014-03-15T14:52:13.410Z,40.3101654,-124.480835,12.02,1.61,md,California
2014-03-15T14:49:25.000Z,61.3213,-147.4096,14.1,2.1,ml,Alaska
2014-03-15T14:46:27.750Z,-34.7261,-71.7401,44.76,5.4,mb,Chile
2014-03-15T14:20:59.380Z,-49.3807,69.4336,10,4.7,mb,French Southern Territories
2014-03-15T14:14:45.000Z,61.5658,-149.5901,31.3,1.5,ml,Alaska
2014-03-15T14:00:24.800Z,18.8997,-67.5615,6,3.1,Md,Puerto Rico
2014-03-15T13:41:00.100Z,44.752,-111.1757,6.5,0.1,Md,Montana
2014-03-15T13:35:34.000Z,38.7872,-122.738,1.9,1.9,Md,California
2014-03-15T13:32:59.000Z,64.2045,-150.077,1.6,3.3,ml,Alaska
2014-03-15T13:31:14.200Z,34.029,-117.2363,17,1.9,Ml,California
2014-03-15T13:20:58.500Z,19.0673,-66.466,31,2.7,Md,Puerto Rico
2014-03-15T13:14:15.600Z,33.5278,-115.8583,2.2,1.3,Ml,California
2014-03-15T13:13:24.000Z,19.1156,-66.4462,25,2.6,Md,Puerto Rico
2014-03-15T13:09:14.000Z,38.7898,-122.7628,2.4,1.6,Md,California
2014-03-15T13:08:58.000Z,62.4446,-150.886,67.9,3.9,ml,Alaska
2014-03-15T13:04:19.900Z,19.0814,-66.459,42,2.5,Md,Puerto Rico
2014-03-15T12:59:25.000Z,59.8218,-153.118,100,2.8,ml,Alaska
2014-03-15T12:55:48.500Z,37.4483,-118.3542,5.8,1.6,Md,California
2014-03-15T12:49:47.500Z,19.003,-66.4264,44,2.7,Md,Puerto Rico
2014-03-15T12:47:22.000Z,61.7403,-149.3955,33.7,2,ml,Alaska
2014-03-15T12:42:34.000Z,61.6084,-149.9265,39.4,1.3,ml,Alaska
2014-03-15T12:31:20.600Z,40.751,-125.2363,23.4,2.9,Md,California
2014-03-15T12:30:26.100Z,37.5215,-121.8343,6.3,1.4,Md,California
2014-03-15T12:08:18.190Z,33.5685005,-116.6823349,10.28,0.37,ml,California
2014-03-15T12:03:02.300Z,38.8067,-122.8152,3.9,0.3,Md,California
2014-03-15T12:00:56.900Z,34.5963,-118.6482,9.3,1.4,Ml,California
2014-03-15T11:43:06.400Z,46.917,-121.959,11.6,0.2,Md,Washington
2014-03-15T11:24:16.900Z,33.4908,-116.484,16.1,1,Ml,California
2014-03-15T11:19:22.700Z,19.0862,-66.4525,19,2.6,Md,Puerto Rico
2014-03-15T11:12:09.120Z,36.605835,-121.0886688,6.55,0.96,md,California
2014-03-15T11:05:43.200Z,40.5925,-124.1143,18.3,1.8,Md,California
2014-03-15T10:58:46.070Z,2.844,99.0667,169.79,5.6,mb,Indonesia
2014-03-15T10:55:11.720Z,10.5578,126.7217,10,5.4,mb,Philippines
2014-03-15T10:21:17.100Z,38.8185,-122.8097,1.9,2,Md,California
2014-03-15T10:20:36.900Z,38.8188,-122.8095,2.2,0.9,Md,California
2014-03-15T10:09:41.240Z,37.2073,-97.8713,1.02,2.7,mb_lg,Kansas
2014-03-15T09:51:17.000Z,34.0467,-117.0232,13.5,1.2,Ml,California
2014-03-15T09:46:04.000Z,64.1426,-150.1167,24.4,1.4,ml,Alaska
2014-03-15T09:43:05.400Z,18.9804,-66.4626,46,2.5,Md,Puerto Rico
2014-03-15T09:37:27.560Z,-3.9696,100.4868,10,5.3,mb,Indonesia
2014-03-15T09:24:15.300Z,32.9025,-116.2828,7.2,1.3,Ml,California
2014-03-15T09:20:56.900Z,32.6425,-115.8807,9.9,1.3,Ml,California
2014-03-15T09:19:47.300Z,38.8225,-122.842,2.4,1.5,Md,California
2014-03-15T09:17:31.900Z,19.145,-66.424,33,2.4,Md,Puerto Rico
2014-03-15T09:05:19.630Z,36.8656654,-121.300499,7.29,0.89,md,California
2014-03-15T08:59:21.790Z,-14.0935,-76.2968,20,6.1,mww,Peru
2014-03-15T08:50:38.300Z,46.2927,-122.1195,12.7,0.5,Md,Washington
2014-03-15T08:48:48.000Z,51.7113,-178.6221,12.4,2.4,ml,Alaska
2014-03-15T08:43:26.600Z,36.1137,-118.0597,0,2.1,Ml,California
2014-03-15T08:40:18.300Z,19.0116,-66.278,58,2.8,Md,Puerto Rico
2014-03-15T08:39:28.000Z,38.8192,-122.766,2.4,1,Md,California
2014-03-15T08:38:40.700Z,33.4335,-116.6477,5.9,1.1,Ml,California
2014-03-15T08:31:36.000Z,35.6613,-118.467,9.9,1.5,Ml,California
2014-03-15T08:05:57.300Z,38.8088,-122.8185,3.5,0.5,Md,California
2014-03-15T07:43:58.150Z,40.7018333,-124.9921667,23.9,2.83,md,California
2014-03-15T07:34:30.000Z,60.1893,-151.9442,60.8,1.5,ml,Alaska
2014-03-15T07:14:23.600Z,38.825,-122.8048,3.3,0.5,Md,California
2014-03-15T07:07:42.240Z,33.4791667,-116.4768333,15.51,0.29,ml,California
2014-03-15T06:58:09.000Z,63.2968,-150.8959,0.3,1.6,ml,Alaska
2014-03-15T06:53:07.430Z,35.6241667,-117.6121667,11.88,1.16,ml,California
2014-03-15T06:52:51.800Z,38.8353,-122.8098,2.6,1,Md,California
2014-03-15T06:39:15.800Z,39.805,-123.8063,2.8,1.7,Md,California
2014-03-15T06:30:48.530Z,7.6001,94.2034,32.89,4.8,mb,India
2014-03-15T06:26:18.390Z,36.1138333,-118.074,7.02,0.58,ml,California
2014-03-15T06:25:31.500Z,35.6334,-90.3928,13.3,1.3,md,Arkansas
2014-03-15T06:24:18.000Z,61.7272,-146.6234,19.3,1.9,ml,Alaska
2014-03-15T06:23:41.000Z,38.7568,-122.7078,0,1.5,Md,California
2014-03-15T06:15:45.000Z,62.8062,-151.0178,100,1.9,ml,Alaska
2014-03-15T06:09:35.000Z,63.3178,-145.2103,0,1.6,ml,Alaska
2014-03-15T06:05:48.420Z,-13.9483,-75.9753,41.81,4.8,mb,Peru
2014-03-15T05:56:12.500Z,38.8372,-122.776,2.8,0.4,Md,California
2014-03-15T05:44:18.380Z,33.6946667,-116.764,19.84,0.78,ml,California
2014-03-15T05:41:59.310Z,33.4368333,-116.6371667,4.68,0.08,ml,California
2014-03-15T05:33:31.620Z,33.7683333,-116.1121667,5.03,0.85,ml,California
2014-03-15T05:29:36.310Z,37.4998,25.67,18.44,4.5,mb,Greece
2014-03-15T05:29:29.410Z,36.1018333,-117.8453333,3.4,1.68,ml,California
2014-03-15T05:27:21.100Z,38.8205,-122.7667,3.1,0.6,Md,California
2014-03-15T05:23:55.100Z,39.8093,-123.8058,4.4,1.5,Md,California
2014-03-15T05:14:51.680Z,32.8586667,-116.2285,3.73,1.26,ml,California
2014-03-15T05:00:58.300Z,41.9688,-112.399,1.3,0.9,Md,Idaho
2014-03-15T04:47:22.500Z,38.8287,-122.798,2.9,0.6,Md,California
2014-03-15T04:35:47.600Z,19.5057,-155.8012,11.1,1.9,md,Hawaii
2014-03-15T04:09:13.120Z,33.4858333,-116.4758333,14.95,0.46,ml,California
2014-03-15T04:02:51.000Z,63.5002,-150.9301,14.3,1.1,ml,Alaska
2014-03-15T04:01:33.100Z,38.8242,-122.7957,3.2,1.3,Md,California
2014-03-15T03:53:16.390Z,32.6853333,-115.6893333,2.77,1.41,ml,California
2014-03-15T03:50:49.020Z,36.5903,-97.6199,5,2.7,mb_lg,Oklahoma
2014-03-15T03:43:49.600Z,37.8488,-122.2237,10.4,1.6,Md,California
2014-03-15T03:42:54.100Z,37.8495,-122.223,10.6,1.8,Md,California
2014-03-15T03:40:40.470Z,36.0176667,-117.833,0,0.74,ml,California
2014-03-15T03:17:47.000Z,38.8107,-122.8243,2.8,0.6,Md,California
2014-03-15T03:12:41.290Z,36.1181667,-118.056,0,1.12,ml,California
2014-03-15T03:12:02.000Z,59.732,-150.8654,60,1.6,ml,Alaska
2014-03-15T03:11:15.000Z,51.6104,-175.2394,26.6,3.7,ml,Alaska
2014-03-15T02:59:28.730Z,13.7103,57.1215,10,5.2,mb,Owen Fracture Zone region
2014-03-15T02:57:39.600Z,35.5098333,-118.1541667,11.76,0.97,ml,California
2014-03-15T02:28:54.600Z,41.4072,-121.886,3.9,2.2,Md,California
2014-03-15T02:25:22.200Z,34.0267,-117.2148,14.2,1.3,Ml,California
2014-03-15T02:20:03.270Z,33.5025,-116.5533333,14.55,0.15,ml,California
2014-03-15T02:12:46.900Z,37.6208,-119.3585,15,1.1,Md,California
2014-03-15T02:01:30.970Z,16.1857,-98.4895,9.07,4.5,mb,Mexico
2014-03-15T01:57:15.000Z,51.4803,-178.1004,11.3,2.9,ml,Alaska
2014-03-15T01:55:01.300Z,37.6358,-119.3515,16.5,1.1,Md,California
2014-03-15T01:54:59.900Z,46.2403,-122.4543,18.3,0.4,Md,Washington
2014-03-15T01:52:45.600Z,37.6262,-119.357,13.8,2.6,Md,California
2014-03-15T01:50:19.159Z,38.7102,-119.5315,6.1017,1.21,ml,Nevada
2014-03-15T01:22:50.387Z,38.7065,-119.5276,5.9202,1.64,ml,Nevada
2014-03-15T01:16:41.279Z,39.3672,-119.7626,0,0.7,ml,Nevada
2014-03-15T01:12:05.000Z,19.5038,-155.804,11.3,2.4,Ml,Hawaii
2014-03-15T01:09:41.003Z,38.7018,-119.5239,3.723,1.75,ml,Nevada
2014-03-15T00:59:56.600Z,38.811,-122.821,2.3,1.3,Md,California
2014-03-15T00:58:26.300Z,41.9457,49.14,52.53,4,mb,Azerbaijan
2014-03-15T00:50:22.900Z,38.7775,-122.7158,2.5,1.4,Md,California
2014-03-15T00:37:47.420Z,36.6194,-97.6654,5.25,2.8,mb_lg,Oklahoma
2014-03-15T00:37:34.800Z,38.9458,-111.3758,3.2,1.4,Md,Utah
2014-03-15T00:35:09.040Z,36.1068333,-117.8826667,6.92,0.85,ml,California
2014-03-15T00:30:55.230Z,33.6511667,-116.6713333,15.37,1.13,ml,California
2014-03-15T00:27:58.800Z,36.0988333,-117.846,3.34,1.68,ml,California
2014-03-15T00:20:39.800Z,38.8135,-122.8202,3.4,2.4,Md,California
2014-03-15T00:17:17.000Z,18.2331,-67.1122,121,2.9,Md,Puerto Rico
2014-03-15T00:14:10.300Z,38.9845,-111.3288,13.2,1,Md,Utah
2014-03-15T00:10:54.450Z,33.2398333,-116.2751667,13.35,1.24,ml,California
2014-03-15T00:10:37.900Z,19.4872,-155.1268,12.6,2.5,Ml,Hawaii
2014-03-15T00:01:50.000Z,38.8097,-122.8268,2.6,0.6,Md,California
2014-03-14T23:48:11.470Z,36.962,-104.8642,5.06,2.7,ml,New Mexico
2014-03-14T23:38:37.060Z,52.8372,170.7977,21.14,4.4,mb,Alaska
2014-03-14T23:27:20.000Z,38.8062,-122.813,1.7,0.9,Md,California
2014-03-14T23:26:36.380Z,10.284,-72.9224,130.07,5,mb,Colombia
2014-03-14T23:16:29.700Z,38.8432,-122.8283,2.4,0.4,Md,California
2014-03-14T23:06:06.000Z,62.9254,-150.3832,96.1,1.8,ml,Alaska
2014-03-14T22:49:59.800Z,-23.3395,-175.4018,30.7,4.9,mb,Tonga
2014-03-14T22:42:40.500Z,36.1283333,-118.055,0.91,0.97,ml,California
2014-03-14T22:39:31.600Z,47.5633,-123.1832,11,-0.1,Md,Washington
2014-03-14T22:35:20.400Z,37.3537,-112.6738,5.9,0.7,Md,Utah
2014-03-14T22:23:48.100Z,38.7743,-122.7688,1.2,0.5,Md,California
2014-03-14T22:06:07.100Z,37.581665,-121.9865036,5.96,1.73,md,California
2014-03-14T21:57:23.600Z,38.7947,-122.7758,1.4,0.6,Md,California
2014-03-14T21:51:19.000Z,62.991,-149.4317,69.1,1.7,ml,Alaska
2014-03-14T21:31:24.000Z,38.7465,-122.7148,2,0.9,Md,California
2014-03-14T21:06:42.500Z,36.161,-96.983,6.3,2.8,ml,Oklahoma
2014-03-14T20:53:53.430Z,-2.1154,-79.514,98.75,4.9,mb,Ecuador
2014-03-14T20:43:36.700Z,47.5142,-122.7773,21.7,2.6,Ml,Washington
2014-03-14T20:32:10.190Z,-53.5161,25.166,14.49,5.3,mb,South of Africa
2014-03-14T20:25:06.500Z,46.3138,-122.3577,17.1,0.4,Md,Washington
2014-03-14T20:22:05.000Z,38.8248,-122.7973,2.3,0.6,Md,California
2014-03-14T20:14:23.800Z,19.0762,-66.4636,32,3.1,Md,Puerto Rico
2014-03-14T20:12:14.220Z,33.9945,-116.7423333,19.08,0.94,ml,California
2014-03-14T20:08:50.900Z,18.9584,-66.4505,44,2.5,Md,Puerto Rico
2014-03-14T20:06:15.000Z,62.2537,-151.446,99.8,2.3,ml,Alaska
2014-03-14T19:54:02.100Z,44.391,-110.8357,3.2,1.5,Md,Wyoming
2014-03-14T19:42:02.200Z,38.8402,-122.8033,1.9,1.6,Md,California
2014-03-14T19:38:42.500Z,46.3218,-122.398,15.1,2,Md,Washington
2014-03-14T19:36:38.200Z,36.5845,-121.4168,0,1.3,Md,California
2014-03-14T19:32:32.180Z,33.4475,-116.5621667,10.51,0.47,ml,California
2014-03-14T19:24:41.070Z,13.0178,-88.3794,95.16,4.3,mb,El Salvador
2014-03-14T19:19:07.000Z,64.4361,-147.4241,10.6,0.3,ml,Alaska
2014-03-14T19:18:41.950Z,35.6918333,-118.4411667,4.66,0.85,ml,California
2014-03-14T19:06:12.000Z,64.9901,-147.3126,0,1.1,ml,Alaska
2014-03-14T19:02:35.760Z,36.1326667,-118.0538333,1.94,0.97,ml,California
2014-03-14T19:00:28.180Z,36.1236667,-118.0616667,0.91,1.02,ml,California
2014-03-14T18:51:40.070Z,34.3513333,-116.4606667,6.95,0.82,ml,California
2014-03-14T18:50:32.200Z,37.5075,-118.8427,10.3,0.6,Md,California
2014-03-14T18:49:32.240Z,0.5606,126.6265,56.89,4.6,mb,Indonesia
2014-03-14T18:45:08.300Z,44.3917,-110.8343,3.1,1.5,Md,Wyoming
2014-03-14T18:44:45.100Z,44.3948,-110.8383,3.5,0.3,Md,Wyoming
2014-03-14T18:35:19.800Z,38.8233,-122.8467,2.5,0.6,Md,California
2014-03-14T18:31:12.000Z,62.0136,-148.8485,0.1,1.8,ml,Alaska
2014-03-14T18:22:45.400Z,40.5555,-111.2692,13.5,1.6,Ml,Utah
2014-03-14T18:20:24.000Z,53.8349,-166.6011,6.2,1.5,ml,Alaska
2014-03-14T18:17:14.000Z,40.559,-111.2742,15.5,0.6,Md,Utah
2014-03-14T18:11:26.160Z,35.9241667,-117.1683333,0.01,0.88,ml,California
2014-03-14T18:09:53.000Z,53.8513,-166.5914,10.1,1.4,ml,Alaska
2014-03-14T18:02:54.290Z,33.533,-116.7926667,2.28,0.36,ml,California
2014-03-14T17:57:34.690Z,33.2791667,-116.8246667,8.29,0.74,ml,California
2014-03-14T17:49:21.910Z,-0.0228,67.1862,12.05,5,mb,Carlsberg Ridge
2014-03-14T17:34:39.240Z,-41.1038,-90.9513,19.67,5,mb,Southeast of Easter Island
2014-03-14T17:27:55.500Z,38.824,-122.845,2.3,0.4,Md,California
2014-03-14T17:27:38.400Z,19.3533,-155.3,2.9,1.7,Ml,Hawaii
2014-03-14T17:27:21.000Z,58.6184,-152.2399,43.8,2.3,ml,Alaska
2014-03-14T17:22:45.600Z,41.9665,-112.3845,6.1,1,Md,Idaho
2014-03-14T17:21:36.230Z,38.8224983,-122.8431702,2.33,1.67,md,California
2014-03-14T17:05:01.400Z,19.0459,-66.4815,30,2.8,Md,Puerto Rico
2014-03-14T16:58:53.000Z,64.4631,-149.3637,0,2,ml,Alaska
2014-03-14T16:52:18.800Z,37.4077,-118.4592,12.6,1.3,Md,California
2014-03-14T16:47:37.290Z,33.2973333,-116.3603333,13.14,1.47,ml,California
2014-03-14T16:35:43.870Z,36.1171667,-117.9051667,4.24,0.16,ml,California
2014-03-14T16:32:35.200Z,40.3482,-124.6103,19.5,4,Mw,California
2014-03-14T16:28:57.040Z,25.0629,141.633,502.54,5.3,mb,Japan
2014-03-14T16:24:30.100Z,37.8457,-122.2268,10.1,0.8,Md,California
2014-03-14T16:21:18.100Z,32.6493333,-115.7165,8.3,1.43,ml,Mexico
2014-03-14T16:16:33.800Z,40.714,-125.3472,28.3,2.7,Md,California
2014-03-14T16:09:46.100Z,40.5632,-111.2527,11.3,0.5,Md,Utah
2014-03-14T16:03:51.100Z,40.5612,-111.2688,14,3.2,Ml,Utah
2014-03-14T15:50:37.370Z,38.840168,-122.8251648,2.18,0.56,md,California
2014-03-14T15:45:21.540Z,38.8110008,-122.8228302,2.34,0.56,md,California
2014-03-14T15:44:59.200Z,38.7883,-122.7372,2.1,0.5,Md,California
2014-03-14T15:41:53.100Z,34.3398333,-116.8726667,0.01,1,ml,California
2014-03-14T15:37:33.200Z,19.4033,-155.2937,3.1,1.7,Ml,Hawaii
2014-03-14T15:31:18.270Z,-19.4895,-69.5273,92.86,4.6,mb,Chile
2014-03-14T15:26:06.000Z,63.082,-151.498,7.5,1.6,ml,Alaska
2014-03-14T15:21:17.000Z,63.5687,-150.7869,13.6,1.1,ml,Alaska
2014-03-14T15:00:25.000Z,63.3811,-149.9523,93.6,1.3,ml,Alaska
2014-03-14T14:31:49.000Z,62.0433,-149.915,40.2,2,ml,Alaska
2014-03-14T14:30:51.580Z,36.1026667,-117.8471667,3.95,0.63,ml,California
2014-03-14T14:24:54.900Z,46.3785,-122.2375,10.3,0.4,Md,Washington
2014-03-14T14:21:50.000Z,51.2299,-177.6418,14.5,2.5,ml,Alaska
2014-03-14T14:18:20.000Z,63.0562,-149.8023,83.7,1.4,ml,Alaska
2014-03-14T14:10:55.300Z,19.0104,-66.481,43,2.7,Md,Puerto Rico
2014-03-14T14:10:29.000Z,18.9967,-66.4953,61,1.9,Md,Puerto Rico
2014-03-14T13:38:06.410Z,7.8,94.317,10,5.5,mb,India
2014-03-14T13:37:16.300Z,48.4445,-122.778,50.5,1.2,Md,Washington
2014-03-14T13:35:34.400Z,38.8,-122.8282,1.4,0.9,Md,California
2014-03-14T13:31:38.900Z,38.8408,-122.8295,2.3,0.6,Md,California
2014-03-14T13:30:37.200Z,38.8383,-122.831,2.7,1,Md,California
2014-03-14T13:29:21.020Z,38.8381653,-122.8296661,2.73,1,md,California
2014-03-14T13:29:04.600Z,38.8413,-122.829,2.6,1.9,Md,California
2014-03-14T13:07:27.270Z,34.0148333,-117.1918333,14.61,1.44,ml,California
2014-03-14T13:02:36.000Z,60.1877,-146.1715,13.7,2.7,ml,Alaska
2014-03-14T13:00:25.000Z,17.8346,-66.9681,11,2.1,Md,Puerto Rico
2014-03-14T12:56:03.500Z,35.7917,-119.8357,12.3,1.9,Md,California
2014-03-14T12:54:49.200Z,19.236,-64.8358,13,2.6,Md,British Virgin Islands
2014-03-14T12:53:56.800Z,34.0183,-117.0958,17,1.5,Ml,California
2014-03-14T12:53:27.000Z,61.9133,-149.1614,18,1.5,ml,Alaska
2014-03-14T12:37:42.500Z,19.0638,-66.4513,27,2.7,Md,Puerto Rico
2014-03-14T12:36:17.000Z,62.9437,-151.1042,121.5,1.6,ml,Alaska
2014-03-14T12:31:04.000Z,62.5459,-149.7711,69.5,2.4,ml,Alaska
2014-03-14T12:29:51.400Z,35.7203,-121.1353,7.1,0.9,Md,California
2014-03-14T12:29:15.000Z,61.7419,-151.5597,54,2.5,ml,Alaska
2014-03-14T12:23:12.400Z,37.5162,-118.9077,11.8,0.5,Md,California
2014-03-14T12:22:32.170Z,-32.0366,-71.7348,42.32,4.7,mb,Chile
2014-03-14T12:07:02.500Z,38.8273,-122.7823,2.3,1.8,Md,California
2014-03-14T12:02:58.400Z,38.8187,-122.7643,2.7,0.5,Md,California
2014-03-14T11:51:45.910Z,40.2171667,-121.112,8.95,1.66,md,California
2014-03-14T11:49:28.040Z,33.3233333,-116.884,19.62,0.53,ml,California
2014-03-14T11:43:14.000Z,62.9578,-149.5296,71.9,2,ml,Alaska
2014-03-14T11:39:17.200Z,19.2858,-155.3788,3.4,1.1,Md,Hawaii
2014-03-14T11:27:22.000Z,19.3942,-155.424,8.6,1.8,Md,Hawaii
2014-03-14T11:14:38.900Z,38.8203,-122.809,4.4,0.7,Md,California
2014-03-14T10:53:34.370Z,45.0561,147.1817,162.43,4.5,mb,Russia
2014-03-14T10:40:53.500Z,19.0611,-66.4544,43,2.6,Md,Puerto Rico
2014-03-14T10:35:26.860Z,36.1083333,-118.0678333,5.5,0.73,ml,California
2014-03-14T10:28:01.000Z,63.0863,-151.5136,4.2,2.7,ml,Alaska
2014-03-14T10:23:09.300Z,19.0461,-66.4619,43,2.7,Md,Puerto Rico
2014-03-14T10:23:06.970Z,33.2086667,-116.7298333,12.1,0.87,ml,California
2014-03-14T10:22:53.300Z,37.5257,-114.0815,8.9,1.6,Ml,Utah
2014-03-14T10:13:28.100Z,19.104,-66.4675,21,2.3,Md,Puerto Rico
2014-03-14T10:11:05.800Z,41.1152,-110.6365,6,2.1,Ml,Wyoming
2014-03-14T10:04:28.400Z,19.0662,-66.46,38,2.7,Md,Puerto Rico
2014-03-14T10:02:53.800Z,19.1068,-66.4568,17,2.9,Md,Puerto Rico
2014-03-14T10:00:47.600Z,19.0611,-66.489,17,2.7,Md,Puerto Rico
2014-03-14T09:58:30.000Z,62.2526,-149.2009,38.3,1.7,ml,Alaska
2014-03-14T09:54:35.100Z,19.1193,-66.4675,28,2.8,Md,Puerto Rico
2014-03-14T09:52:13.200Z,38.8102,-122.8258,2.6,0.9,Md,California
2014-03-14T09:50:45.500Z,37.5393,-118.8765,6.8,0.4,Md,California
2014-03-14T09:50:41.580Z,38.8076668,-122.810997,2.42,1.26,md,California
2014-03-14T09:42:14.270Z,36.1121667,-118.0551667,1.47,2.55,ml,California
2014-03-14T09:37:46.105Z,38.7479,-119.6197,12,1.28,ml,Nevada
2014-03-14T09:36:58.500Z,19.1103,-66.4674,28,2.8,Md,Puerto Rico
2014-03-14T09:35:32.000Z,59.4573,-152.726,99.9,3.2,ml,Alaska
2014-03-14T09:31:40.210Z,16.2036,-93.8398,115.08,4.4,mb,Mexico
2014-03-14T09:31:31.300Z,45.8095,-121.8707,7.1,1.4,Md,Washington
2014-03-14T09:29:43.000Z,61.7599,-150.7604,68.7,1.5,ml,Alaska
2014-03-14T09:27:24.000Z,64.9171,-149.1223,9.9,1.8,ml,Alaska
2014-03-14T09:25:57.600Z,36.5595,-121.0335,7.1,1.6,Md,California
2014-03-14T09:25:25.780Z,33.5906667,-116.6306667,16.54,0.58,ml,California
2014-03-14T09:25:25.000Z,33.596,-116.6345,17.24,0.39,ml,California
2014-03-14T09:23:21.300Z,44.7528,-111.2058,11.8,0,Md,Montana
2014-03-14T09:22:40.590Z,37.6635,-118.8525,5.16,0.25,md,California
2014-03-14T09:03:59.000Z,62.4558,-149.0939,55.5,1.2,ml,Alaska
2014-03-14T08:44:40.000Z,60.131,-152.5207,70.7,3.1,ml,Alaska
2014-03-14T08:43:38.900Z,40.2311667,-121.178,5.86,1.24,md,California
2014-03-14T08:34:55.156Z,39.4249,-119.5789,9.5211,1.29,ml,Nevada
2014-03-14T08:29:08.200Z,48.5115,-119.929,0.3,2.2,Md,Washington
2014-03-14T08:18:46.530Z,33.489,-116.487,16.25,1.03,ml,California
2014-03-14T08:17:34.500Z,38.8198,-122.815,2.4,0.5,Md,California
2014-03-14T08:15:11.690Z,39.3546,72.6057,54.2,4.7,mb,Kyrgyzstan
2014-03-14T08:14:05.300Z,18.7345,-64.2667,45,2,Md,British Virgin Islands
2014-03-14T08:06:32.530Z,36.0976667,-117.9185,2.68,0.79,ml,California
2014-03-14T08:00:30.730Z,40.2283333,-121.167,5.75,1.27,md,California
2014-03-14T07:58:15.420Z,36.1116667,-118.0543333,0.07,1.75,ml,California
2014-03-14T07:56:42.800Z,44.751,-110.7858,7.3,1,Ml,Montana
2014-03-14T07:30:43.300Z,38.8445,-122.7647,2.1,1.2,Md,California
2014-03-14T07:29:39.000Z,63.0483,-151.4938,9.3,2,ml,Alaska
2014-03-14T07:29:19.300Z,38.8463,-122.7615,0.1,1.2,Md,California
2014-03-14T07:19:11.000Z,63.0659,-150.8606,123.5,1.7,ml,Alaska
2014-03-14T07:05:00.290Z,36.6323333,-117.1333333,5.82,1.18,ml,Nevada
2014-03-14T07:03:20.300Z,19.3537,-155.256,0.9,2.1,Ml,Hawaii
2014-03-14T07:00:05.000Z,60.1613,-152.5466,93,1.8,ml,Alaska
2014-03-14T06:56:04.440Z,-14.2836,-74.0427,81.1,4.7,mb,Peru
2014-03-14T06:50:07.300Z,38.8293,-122.804,3.1,0.5,Md,California
2014-03-14T06:27:52.400Z,47.759,-122.8218,17.3,0.6,Md,Washington
2014-03-14T06:26:04.000Z,61.619,-147.7207,11.7,2.3,ml,Alaska
2014-03-14T06:23:14.470Z,37.5253333,-118.8648333,7.17,0.53,md,California
2014-03-14T06:21:01.500Z,37.6618,-118.8547,4.3,0.3,Md,California
2014-03-14T06:20:10.700Z,37.6133,-119.36,13.7,1.4,Md,California
2014-03-14T06:19:32.800Z,38.8373,-122.8278,2.5,0.5,Md,California
2014-03-14T06:14:46.490Z,33.67,-116.708,17.96,0.66,ml,California
2014-03-14T06:12:16.040Z,35.962,-117.3306667,6.97,1.55,ml,California
2014-03-14T06:08:13.400Z,37.6127,-119.363,8.1,1,Md,California
2014-03-14T06:07:58.700Z,35.6535,-118.473,9.96,0.89,ml,California
2014-03-14T06:04:52.600Z,37.6328,-119.3527,14.3,2.3,Md,California
2014-03-14T06:00:47.000Z,63.0556,-151.4464,4.3,2,ml,Alaska
2014-03-14T05:47:52.200Z,18.2003,-66.4432,86,2.6,Md,Puerto Rico
2014-03-14T05:46:53.400Z,38.797,-122.735,1.2,0.5,Md,California
2014-03-14T05:46:39.330Z,-3.056,129.9209,59.37,4.1,mb,Indonesia
2014-03-14T05:36:03.176Z,39.6152,-119.9837,6.5872,0.47,ml,Nevada
2014-03-14T05:29:42.100Z,18.1763,-67.2977,22,1.4,Md,Puerto Rico
2014-03-14T05:22:12.000Z,62.7043,-151.0102,50,1.9,ml,Alaska
2014-03-14T05:17:49.000Z,63.0589,-151.4452,6.3,2.3,ml,Alaska
2014-03-14T05:16:25.100Z,38.8283,-122.7552,1.2,0.8,Md,California
2014-03-14T05:14:46.000Z,63.0619,-151.528,11.2,1.2,ml,Alaska
2014-03-14T05:12:45.100Z,37.5262,-118.826,6.9,0.5,Md,California
2014-03-14T05:07:16.000Z,63.0978,-151.5043,8.2,2.6,ml,Alaska
2014-03-14T05:06:13.000Z,38.8073,-122.8142,2.7,0.5,Md,California
2014-03-14T04:59:06.000Z,63.0539,-151.5223,6.9,1.8,ml,Alaska
2014-03-14T04:58:43.600Z,38.8168,-122.817,3.3,0.4,Md,California
2014-03-14T04:56:38.290Z,32.9091667,-115.7778333,7.84,1.25,ml,California
2014-03-14T04:55:38.000Z,63.1117,-151.4664,18,2.6,ml,Alaska
2014-03-14T04:52:37.540Z,32.9675,-115.5445,10.09,1.62,ml,California
2014-03-14T04:51:26.320Z,3.1187,127.1527,63.78,4.3,mb,Indonesia
2014-03-14T04:39:06.220Z,2.792,128.1982,141.77,4.4,mb,Indonesia
2014-03-14T04:38:39.630Z,38.840168,-122.800499,2.41,0.56,md,California
2014-03-14T04:35:16.600Z,38.7837,-122.752,2.3,0.6,Md,California
2014-03-14T04:20:39.019Z,40.2997,-119.7806,10.868,0.82,ml,Nevada
2014-03-14T04:20:33.895Z,39.4857,-119.1627,9.3501,0.88,ml,Nevada
2014-03-14T04:19:24.260Z,35.951,-97.395,3.6,2.6,ml,Oklahoma
2014-03-14T04:15:48.608Z,36.676,-115.8736,4.3855,1.05,ml,Nevada
2014-03-14T04:11:09.000Z,61.4992,-149.8,36.9,1.8,ml,Alaska
2014-03-14T04:07:22.000Z,59.8835,-151.6592,19.8,2.5,ml,Alaska
2014-03-14T04:06:02.770Z,32.9023333,-116.2771667,2.53,1.47,ml,California
2014-03-14T04:02:34.400Z,40.1067,-123.7852,19.9,1.8,Md,California
2014-03-14T04:02:02.900Z,39.7948,-120.7127,0.7,1.6,Md,California
2014-03-14T03:59:32.000Z,63.3018,-151.4123,10.5,1.4,ml,Alaska
2014-03-14T03:57:35.100Z,38.8403,-122.7998,2.6,0.5,Md,California
2014-03-14T03:57:18.210Z,36.1123333,-118.0585,0.65,0.63,ml,California
2014-03-14T03:37:08.100Z,46.458,-119.5763,12.3,0.1,Md,Washington
2014-03-14T03:34:04.490Z,38.822834,-122.8441696,2.42,1.01,md,California
2014-03-14T03:24:40.720Z,36.021,-97.0905,5.71,2.1,mb_lg,Oklahoma
2014-03-14T03:22:35.150Z,-2.9968,129.7115,34.63,5.1,mb,Indonesia
2014-03-14T03:19:24.200Z,17.9958,-67.153,16,2.2,Md,Puerto Rico
2014-03-14T03:06:38.000Z,38.803,-122.4592,9.5,2,Md,California
2014-03-14T02:59:19.600Z,19.0725,-155.3598,33.5,1.7,Md,Hawaii
2014-03-14T02:58:51.700Z,38.8083,-122.822,2.7,0.9,Md,California
2014-03-14T02:58:14.010Z,38.8116684,-122.8164978,3.09,0.43,md,California
2014-03-14T02:52:41.000Z,62.2015,-151.2697,75.3,2.9,ml,Alaska
2014-03-14T02:49:36.790Z,38.7716675,-122.7360001,1.59,0.53,md,California
2014-03-14T02:38:40.000Z,36.4685,-121.0495,6.4,2.1,Md,California
2014-03-14T02:37:06.800Z,19.3485,-155.1852,6,2.3,Ml,Hawaii
2014-03-14T02:25:27.600Z,38.8225,-122.8448,2.5,2,Md,California
2014-03-14T02:24:23.690Z,38.8243332,-122.845665,2.32,0.78,md,California
2014-03-14T02:24:00.000Z,38.8227,-122.8445,2.6,2,Md,California
2014-03-14T02:22:37.400Z,38.8098,-122.8182,3.3,1,Md,California
2014-03-14T02:22:14.470Z,36.0201,-97.1098,5,2.9,mb_lg,Oklahoma
2014-03-14T02:20:30.100Z,38.8227,-122.8453,2.7,1,Md,California
2014-03-14T02:18:07.200Z,18.1599,-67.7356,6,2.9,Md,Puerto Rico
2014-03-14T02:12:47.900Z,38.8352,-122.7738,2,0.4,Md,California
2014-03-14T02:07:28.400Z,46.7455,-121.9285,0,0.4,Md,Washington
2014-03-14T02:06:29.990Z,36.0971667,-117.8693333,5.9,0.07,ml,California
2014-03-14T02:05:50.340Z,3.2713,-82.9601,9.69,4.2,mb,South of Panama
2014-03-14T02:01:39.000Z,38.0032,-122.2645,7.3,1.1,Md,California
2014-03-14T01:49:22.100Z,44.7917,-111.1108,6.5,-0.1,Md,Montana
2014-03-14T01:45:03.000Z,62.0275,-148.1258,16.9,1.6,ml,Alaska
2014-03-14T01:31:46.660Z,34.1373333,-117.426,2.25,0.68,ml,California
2014-03-14T01:25:18.030Z,34.1463333,-117.4286667,4.31,0.71,ml,California
2014-03-14T01:15:37.300Z,38.8082,-122.8197,4.1,0.6,Md,California
2014-03-14T01:14:37.000Z,63.8126,-148.9009,100,3.4,ml,Alaska
2014-03-14T01:09:06.200Z,40.467,-124.066,20.7,1.6,Md,California
2014-03-14T01:06:18.001Z,39.4883,-119.162,10.206,1.27,ml,Nevada
2014-03-14T00:47:58.190Z,36.0706667,-117.8535,1.85,1.02,ml,California
2014-03-14T00:42:36.890Z,33.297,-116.8351667,15.6,1.03,ml,California
2014-03-14T00:42:00.000Z,63.1645,-151.4161,9.4,1.1,ml,Alaska
2014-03-14T00:31:55.200Z,38.848,-122.8218,2.4,0.4,Md,California
2014-03-14T00:31:05.120Z,33.6751667,-116.7796667,17.83,0.21,ml,California
2014-03-14T00:28:19.900Z,38.8067,-122.7703,2.3,1.5,Md,California
2014-03-14T00:25:51.740Z,36.0703333,-117.8528333,2.01,0.96,ml,California
2014-03-14T00:18:06.000Z,62.4932,-150.8998,81.7,1.6,ml,Alaska
2014-03-14T00:17:18.300Z,37.5297,-118.8323,5.5,0.1,Md,California
2014-03-14T00:14:25.600Z,38.8438,-122.739,2.1,1.1,Md,California
2014-03-14T00:00:25.200Z,36.7672,-121.402,9.7,2.2,Md,California
2014-03-13T23:58:39.260Z,34.1655,-116.5588333,8.79,1.3,ml,California
2014-03-13T23:51:34.000Z,61.0577,-152.3875,100,2.7,ml,Alaska
2014-03-13T23:43:10.050Z,-23.5128,-176.7932,126.9,4.7,mb,South of the Fiji Islands
2014-03-13T23:40:33.500Z,38.8203,-122.8107,3.1,1.5,Md,California
2014-03-13T23:36:11.260Z,33.6473333,-116.6903333,16.16,0.38,ml,California
2014-03-13T23:27:46.200Z,40.5415,-125.3042,22.6,2.9,H,California
2014-03-13T23:25:27.800Z,19.9873,-155.8758,11,3.5,Ml,Hawaii
2014-03-13T23:16:23.000Z,63.0298,-149.8508,86.2,1.7,ml,Alaska
2014-03-13T23:16:20.000Z,64.9627,-147.4473,0,1.4,ml,Alaska
2014-03-13T23:13:47.900Z,19.1884,-66.8506,11,3.2,Md,Puerto Rico
2014-03-13T23:12:56.130Z,26.8932,140.1162,528.43,4.8,mb,Japan
2014-03-13T23:05:22.390Z,36.105,-117.8706667,6.24,0.15,ml,California
2014-03-13T22:51:29.100Z,38.8352,-122.809,2.5,0.8,Md,California
2014-03-13T22:50:59.210Z,36.1076667,-117.8696667,6.55,1,ml,California
2014-03-13T22:48:27.000Z,38.8212,-122.7963,3,1.3,Md,California
2014-03-13T22:46:32.330Z,37.6261667,-119.3511667,14.24,2.41,md,California
2014-03-13T22:31:32.240Z,-17.0461,-178.5258,146.43,4.9,mb,Fiji
2014-03-13T22:31:12.100Z,43.6927,-120.2215,0,1.6,Md,Oregon
2014-03-13T22:21:06.700Z,46.858,-121.7593,3.5,0.2,Md,Washington
2014-03-13T22:15:19.900Z,46.8557,-121.7542,3.3,0,Md,Washington
2014-03-13T22:06:16.280Z,34.1316667,-118.4015,1.77,1.21,ml,California
2014-03-13T22:03:51.600Z,38.7823,-122.7735,1.7,0.9,Md,California
2014-03-13T22:00:02.300Z,38.7818,-122.7767,1.6,1.2,Md,California
2014-03-13T21:59:33.500Z,38.7825,-122.7735,1.5,1.8,Md,California
2014-03-13T21:59:29.900Z,38.7825,-122.773,1.4,1.2,Md,California
2014-03-13T21:48:18.000Z,64.4176,-146.8572,13.7,0.7,ml,Alaska
2014-03-13T21:45:36.400Z,38.825,-122.8575,2.4,1.2,Md,California
2014-03-13T21:44:46.600Z,38.8218,-122.805,2.8,0.7,Md,California
2014-03-13T21:35:41.200Z,35.9857,-120.5438,9.3,0.8,Md,California
2014-03-13T21:13:12.100Z,19.6485,-155.2067,39,2,Md,Hawaii
2014-03-13T21:12:36.000Z,63.9177,-148.6831,5.9,1.7,ml,Alaska
2014-03-13T21:12:21.600Z,38.819,-122.8127,3.5,1.1,Md,California
2014-03-13T21:10:22.300Z,35.6693,-121.0607,5.1,1.4,Md,California
2014-03-13T21:00:08.130Z,32.7726667,-116.8921667,0.01,1.25,ml,California
2014-03-13T20:48:41.000Z,59.9311,-152.7462,100,2.3,ml,Alaska
2014-03-13T20:26:17.300Z,37.6145,-119.3573,8.1,1.1,Md,California
2014-03-13T20:20:31.830Z,38.9831667,-123.2345,7.3,1.62,md,California
2014-03-13T20:16:00.800Z,17.9962,-67.1484,17,2.5,Md,Puerto Rico
2014-03-13T20:09:24.000Z,63.263,-150.3996,116.4,1.5,ml,Alaska
2014-03-13T20:08:24.000Z,60.9013,-147.2728,14.7,1.5,ml,Alaska
2014-03-13T19:43:41.530Z,36.1138333,-118.0538333,1,1.41,ml,California
2014-03-13T19:39:38.000Z,62.7378,-149.0873,66.4,1.6,ml,Alaska
2014-03-13T19:38:15.500Z,35.5596667,-118.5201667,1.76,1.39,ml,California
2014-03-13T19:37:15.700Z,37.1217,-121.5208,7.2,1.5,Md,California
2014-03-13T19:29:50.440Z,38.7958336,-122.8078308,3.66,0.81,md,California
2014-03-13T19:17:24.360Z,-7.7624,112.2262,193.53,4.5,mb,Indonesia
2014-03-13T19:11:34.620Z,41.8668,-126.8934,10,5.2,mwr,Oregon
2014-03-13T19:06:32.200Z,37.985,-122.4567,0,1.2,Md,CA
2014-03-13T18:50:03.000Z,60.1131,-152.7697,100,2.6,ml,Alaska
2014-03-13T18:47:36.020Z,40.3333333,-124.5996667,20.53,2.57,md,California
2014-03-13T18:45:11.970Z,12.5783,143.8523,63.79,4.7,mb,Guam
2014-03-13T18:44:16.000Z,63.4745,-147.7774,0,0.8,ml,Alaska
2014-03-13T18:37:41.000Z,62.4423,-151.3096,87.2,1.6,ml,Alaska
2014-03-13T18:36:33.700Z,38.8235,-122.8457,2.3,0.6,Md,California
2014-03-13T18:10:14.186Z,39.578,-119.0614,8.6505,1.97,ml,Nevada
2014-03-13T18:03:34.280Z,35.9273333,-117.1698333,0.01,0.85,ml,California
2014-03-13T17:49:59.030Z,35.0475,-118.3218333,0.01,1.56,ml,California
2014-03-13T17:36:35.000Z,63.5272,-150.0874,136,1.6,ml,Alaska
2014-03-13T17:31:59.000Z,45.75,14.85,2,4.4,mb,Slovenia
2014-03-13T17:29:06.580Z,33.4743333,-116.4643333,14.37,0.87,ml,California
2014-03-13T17:20:29.000Z,63.5468,-147.1888,20.4,1.7,ml,Alaska
2014-03-13T17:16:22.800Z,37.3647,-112.679,16.3,1,Md,Utah
2014-03-13T17:12:47.650Z,36.1071667,-117.8703333,6.69,0.71,ml,California
2014-03-13T17:12:32.570Z,-60.7674,-19.6455,10,5.3,mb,East of the South Sandwich Islands
2014-03-13T17:10:02.410Z,33.3183333,-116.3386667,14.21,0.91,ml,California
2014-03-13T17:09:26.800Z,46.3755,-122.2968,7.5,0.6,Md,Washington
2014-03-13T17:06:50.800Z,33.6793,131.8197,79,6.3,mwb,Japan
2014-03-13T17:06:48.000Z,61.5362,-140.7483,7.1,1.8,ml,Alaska
2014-03-13T17:05:24.300Z,38.8263,-122.8548,3.1,0.7,Md,California
2014-03-13T16:55:53.000Z,61.478,-149.7054,34.4,1.7,ml,Alaska
2014-03-13T16:53:36.900Z,37.5837,-118.9933,4,0.3,Md,California
2014-03-13T16:51:59.800Z,44.7407,-110.7723,8.3,0.9,Ml,Montana
2014-03-13T16:34:02.700Z,38.8075,-122.8223,2.5,0.7,Md,California
2014-03-13T16:24:13.450Z,36.048,-117.5848333,2.48,0.36,ml,California
2014-03-13T16:12:32.300Z,36.881,-97.984,5,2.5,ml,Oklahoma
2014-03-13T16:02:10.240Z,34.018,-117.2321667,16.1,1.09,ml,California
2014-03-13T15:46:02.270Z,33.9003333,-116.822,15.36,0.71,ml,California
2014-03-13T15:39:49.500Z,38.8403,-122.8382,2.5,0.6,Md,California
2014-03-13T15:37:07.400Z,38.8333,-122.7752,4.6,0.5,Md,California
2014-03-13T15:33:46.000Z,63.0257,-150.9271,124.3,1.5,ml,Alaska
2014-03-13T15:07:12.200Z,18.582,-64.9994,23,2.5,Md,U.S. Virgin Islands
2014-03-13T14:58:37.700Z,38.8215,-122.8457,2.2,0.8,Md,California
2014-03-13T14:56:34.300Z,44.8032,-110.8107,5.5,0.2,Md,Montana
2014-03-13T14:50:22.500Z,33.437,-116.4395,15.75,0.31,ml,California
2014-03-13T14:49:46.800Z,19.4047,-155.2815,2.1,1.9,Md,Hawaii
2014-03-13T14:43:22.600Z,41.8578,-112.695,4.3,2,Ml,Utah
2014-03-13T14:43:16.300Z,38.826,-122.8273,3,0.6,Md,California
2014-03-13T14:32:49.500Z,40.2428,-121.1715,4.5,1.9,Md,California
2014-03-13T14:19:38.400Z,38.7895,-122.7302,2.2,1.2,Md,California
2014-03-13T14:19:29.400Z,38.7917,-122.7282,2.3,0.6,Md,California
2014-03-13T14:18:51.780Z,33.1208333,-116.5875,10.49,1.39,ml,California
2014-03-13T14:17:44.720Z,-2.5149,140.06,36.45,4.1,mb,Indonesia
2014-03-13T14:15:36.700Z,44.4365,-121.996,0,1.8,Md,Oregon
2014-03-13T13:57:11.370Z,38.8116684,-122.8249969,2.25,0.46,md,California
2014-03-13T13:49:29.080Z,38.8116684,-122.8249969,2.35,1.36,md,California
2014-03-13T13:27:47.000Z,63.3941,-151.3993,0.2,1.8,ml,Alaska
2014-03-13T13:24:55.000Z,51.3669,-176.6488,43.1,3.1,ml,Alaska
2014-03-13T13:20:59.310Z,51.3615,-179.2745,37,5.5,mwb,Alaska
2014-03-13T13:06:22.800Z,38.8033,-122.4575,9.4,2.1,Md,California
2014-03-13T12:36:44.200Z,40.4085,-125.3858,15.1,2.8,Md,California
2014-03-13T12:30:29.370Z,34.0326667,-117.0981667,8.06,1.16,ml,California
2014-03-13T12:20:52.800Z,37.5177,-118.9098,12.1,0.6,Md,California
2014-03-13T11:59:43.060Z,33.2111667,-116.0716667,11.19,1.1,ml,California
2014-03-13T11:56:19.200Z,38.822834,-122.8450012,2.55,0.43,md,California
2014-03-13T11:52:05.500Z,44.7632,-111.1088,9.9,0.2,Md,Montana
2014-03-13T11:52:05.400Z,44.7682,-111.0985,11.1,0.2,Md,Montana
2014-03-13T11:29:28.000Z,38.8157,-122.8208,3.6,0.4,Md,California
2014-03-13T11:24:57.700Z,38.8147,-122.8198,3.7,1,Md,California
2014-03-13T11:02:50.700Z,36.0713333,-117.5755,6.39,1.11,ml,California
2014-03-13T11:01:27.000Z,36.6496,-89.5458,7.5,1.5,md,Missouri
2014-03-13T10:51:03.000Z,61.4169,-146.6439,28.6,2.2,ml,Alaska
2014-03-13T10:48:48.000Z,51.7379,-171.869,35.5,2.5,ml,Alaska
2014-03-13T10:43:42.700Z,48.869,-124.8047,13.5,1.7,Md,Canada
2014-03-13T10:43:21.040Z,35.8145,-116.8093333,5,0.95,ml,California
2014-03-13T09:59:39.070Z,36.124,-118.0536667,1.94,1.1,ml,California
2014-03-13T09:47:01.990Z,38.8235016,-122.8320007,2.8,1.23,md,California
2014-03-13T09:27:01.700Z,37.5227,-118.9075,12.4,0.6,Md,California
2014-03-13T09:22:55.000Z,63.5348,-147.2834,0.2,1.6,ml,Alaska
2014-03-13T09:19:17.000Z,53.8615,-164.1475,26.4,3.8,ml,Alaska
2014-03-13T09:15:31.000Z,63.4586,-148.9058,18.9,1.2,ml,Alaska
2014-03-13T09:11:01.233Z,39.5782,-119.0685,11.3326,2.24,ml,Nevada
2014-03-13T09:02:29.860Z,36.1068333,-118.0533333,2.39,2.02,ml,California
2014-03-13T08:50:32.000Z,59.7919,-152.9138,8.6,1.5,ml,Alaska
2014-03-13T08:43:40.800Z,46.3355,-122.327,17.5,0.2,Md,Washington
2014-03-13T08:28:33.000Z,36.1206667,-118.0843333,5.61,1.04,ml,California
2014-03-13T08:22:19.860Z,13.5865,-90.4244,64.85,4.3,mb,Guatemala
2014-03-13T08:21:41.455Z,36.6563,-116.0732,2.6075,0.05,ml,Nevada
2014-03-13T08:10:01.620Z,35.723,-118.0533333,8.76,1.16,ml,California
2014-03-13T08:09:25.000Z,62.29,-149.8131,15.9,1.6,ml,Alaska
2014-03-13T07:54:11.110Z,33.5088333,-116.4653333,10.17,0.67,ml,California
2014-03-13T07:49:36.560Z,36.1228333,-118.0536667,2.11,2,ml,California
2014-03-13T07:32:23.051Z,37.1505,-118.1664,0,1.63,ml,California
2014-03-13T07:29:13.330Z,38.793499,-122.7578354,1.71,0.88,md,California
2014-03-13T07:12:00.230Z,33.505,-116.461,9.86,0.62,ml,California
2014-03-13T07:11:59.060Z,33.5098333,-116.4636667,10.41,0.54,ml,California
2014-03-13T07:11:36.040Z,33.5116667,-116.466,9.55,0.52,ml,California
2014-03-13T07:08:40.000Z,59.7533,-153.3819,133.7,2.4,ml,Alaska
2014-03-13T07:00:23.100Z,38.8175,-122.8295,3.1,0.6,Md,California
2014-03-13T06:59:07.500Z,38.7872,-122.7628,1.9,0.9,Md,California
2014-03-13T06:51:50.700Z,38.851,-122.7952,0.2,1.3,Md,California
2014-03-13T06:38:41.720Z,34.0311667,-117.2328333,16.72,0.85,ml,California
2014-03-13T06:36:25.400Z,18.974,-65.3544,42,2.8,Md,Puerto Rico
2014-03-13T06:20:47.000Z,61.6151,-151.2538,74.4,2.1,ml,Alaska
2014-03-13T06:09:22.140Z,-23.112,-174.8758,35.13,5.2,mb,Tonga
2014-03-13T06:08:47.700Z,38.8185,-122.7648,2.9,0.6,Md,California
2014-03-13T06:05:05.800Z,38.8163,-122.7697,2.5,0.8,Md,California
2014-03-13T05:46:48.000Z,61.5868,-146.4915,14.8,2.2,ml,Alaska
2014-03-13T05:45:22.120Z,12.5894,-87.7289,76.56,4.6,mb,Nicaragua
2014-03-13T05:41:17.600Z,35.9762,-120.5357,6.6,1.8,Md,California
2014-03-13T05:18:37.000Z,62.919,-149.1255,80.3,1.2,ml,Alaska
2014-03-13T05:12:42.890Z,33.9388333,-120.204,2.04,2.7,ml,California
2014-03-13T05:05:45.300Z,18.7716,-64.911,33,2.5,Md,U.S. Virgin Islands
2014-03-13T04:50:46.320Z,38.7953333,-122.4543333,8.87,1.84,md,California
2014-03-13T04:48:35.700Z,37.6435,-118.9337,8,0.7,Md,California
2014-03-13T04:48:06.770Z,37.6406667,-118.9345,7.3,0.96,md,California
2014-03-13T04:47:04.650Z,36.106,-118.0541667,1.09,2.04,ml,California
2014-03-13T04:45:44.700Z,37.6407,-118.9465,3.1,1,Md,California
2014-03-13T04:45:26.760Z,36.1053333,-118.0556667,0.91,1.61,ml,California
2014-03-13T04:42:12.120Z,34.1198333,-118.4096667,2.84,1.26,ml,California
2014-03-13T04:41:20.990Z,36.123,-118.0548333,1.04,1.36,ml,California
2014-03-13T04:40:11.600Z,37.6368,-118.9135,8.4,0.3,Md,California
2014-03-13T04:31:25.300Z,38.7875,-122.7622,1.5,0.9,Md,California
2014-03-13T04:22:43.500Z,38.7852,-122.7402,0.1,1.7,Md,California
2014-03-13T04:22:39.600Z,38.7835,-122.7438,1.4,1.8,Md,California
2014-03-13T04:11:03.420Z,36.1235,-118.0811667,5.4,0.75,ml,California
2014-03-13T03:59:18.200Z,37.64,-119.0268,3.2,0.1,Md,California
2014-03-13T03:52:24.900Z,38.806,-122.7708,2.8,0.5,Md,California
2014-03-13T03:34:27.910Z,36.1191667,-118.0555,1.3,1.65,ml,California
2014-03-13T03:28:24.200Z,38.839,-122.7762,1.8,0.7,Md,California
2014-03-13T03:27:08.000Z,63.5301,-147.5415,9.6,1.5,ml,Alaska
2014-03-13T03:17:32.000Z,63.0265,-150.7593,114.5,1.4,ml,Alaska
2014-03-13T03:05:48.460Z,35.9621667,-117.3323333,6.1,1.89,ml,California
2014-03-13T03:05:24.230Z,35.9648333,-117.3291667,6.75,1.81,ml,California
2014-03-13T03:01:42.300Z,36.8285,-121.3497,7.3,0.9,Md,California
2014-03-13T02:54:22.000Z,61.5492,-146.4243,39.7,2.5,ml,Alaska
2014-03-13T02:53:02.130Z,36.1083333,-118.0548333,0.94,1.6,ml,California
2014-03-13T02:50:44.900Z,36.5724,-89.5968,7.5,1.5,md,Missouri
2014-03-13T02:40:08.200Z,37.1709,-118.1484,0,1.59,ml,California
2014-03-13T02:37:06.060Z,33.8843333,-116.8888333,15.54,0.67,ml,California
2014-03-13T02:26:29.530Z,36.1096667,-118.055,0.8,2.95,ml,California
2014-03-13T02:21:47.010Z,36.1055,-118.0505,0.06,0.46,ml,California
2014-03-13T02:20:13.500Z,36.1158333,-118.0511667,0.01,0.83,ml,California
2014-03-13T02:18:12.620Z,36.1083333,-118.0536667,1.16,2.12,ml,California
2014-03-13T02:16:19.740Z,36.1101667,-118.0525,2.03,2.04,ml,California
2014-03-13T02:14:18.780Z,36.1166667,-118.0521667,1.23,2.61,ml,California
2014-03-13T02:11:04.030Z,36.1116667,-118.055,0.21,4.39,mw,California
2014-03-13T02:10:39.300Z,37.6378,-118.9318,7.7,0.6,Md,California
2014-03-13T02:10:12.760Z,35.3731667,-118.4801667,9.29,1.34,ml,California
2014-03-13T02:04:04.200Z,38.7892,-122.7553,1.8,1.3,Md,California
2014-03-13T02:02:47.550Z,34.677,-120.8893333,12.96,2.82,ml,California
2014-03-13T01:59:53.000Z,63.5315,-147.5117,1.2,1.3,ml,Alaska
2014-03-13T01:51:09.200Z,38.8277,-122.8523,2.4,1.6,Md,California
2014-03-13T01:36:06.200Z,36.0445,-117.5798333,2.61,1.02,ml,California
2014-03-13T01:35:44.460Z,36.0453333,-117.5815,2.84,1.24,ml,California
2014-03-13T01:21:13.460Z,16.6353,-98.427,35,5.1,mb,Mexico
2014-03-13T01:06:21.000Z,63.7527,-149.6817,136.7,1.3,ml,Alaska
2014-03-13T01:01:46.800Z,37.6387,-118.9327,7.5,0.2,Md,California
2014-03-13T00:59:44.000Z,63.1174,-150.4269,102.6,1.2,ml,Alaska
2014-03-13T00:59:38.300Z,37.6382,-118.9333,7.5,0.4,Md,California
2014-03-13T00:59:04.790Z,37.6376667,-118.9321667,7.48,0.36,md,California
2014-03-13T00:57:57.311Z,40.2491,-119.7639,12.1425,0.13,ml,Nevada
2014-03-13T00:54:47.900Z,37.6413,-118.9285,7.1,1.6,Md,California
2014-03-13T00:53:56.700Z,37.6413,-118.926,9.3,1.4,Md,California
2014-03-13T00:53:24.100Z,37.619,-118.9323,8.1,0.7,Md,California
2014-03-13T00:53:13.100Z,37.6415,-118.931,8.2,1.2,Md,California
2014-03-13T00:52:50.400Z,37.6342,-118.9347,5.8,0.9,Md,California
2014-03-13T00:52:35.300Z,37.6345,-118.9327,6.1,1,Md,California
2014-03-13T00:52:23.700Z,37.6363,-118.9322,7.6,1.5,Md,California
2014-03-13T00:51:35.800Z,37.6297,-118.9083,1.4,1.4,Md,California
2014-03-13T00:50:51.600Z,37.638,-118.931,7.2,1.1,Md,California
2014-03-13T00:49:31.100Z,37.6493,-118.921,0,0.4,Md,California
2014-03-13T00:49:21.600Z,37.6418,-118.9328,7.9,1.4,Md,California
2014-03-13T00:46:13.000Z,37.6423,-118.8828,1.2,1,Md,California
2014-03-13T00:41:39.100Z,38.82,-122.8168,2.7,0.4,Md,California
2014-03-13T00:37:18.220Z,43.2402,-71.5223,4.51,1.6,ml,New Hampshire
2014-03-13T00:30:51.700Z,19.3927,-155.4827,10.3,1.4,Md,Hawaii
2014-03-13T00:24:04.000Z,37.6385,-118.9242,5.8,0.7,Md,California
2014-03-13T00:23:49.300Z,37.6373,-118.9332,6.8,0.3,Md,California
2014-03-13T00:22:22.000Z,51.7081,-171.7953,19.4,3.1,ml,Alaska
2014-03-13T00:21:34.900Z,37.6373,-118.9343,8,0.3,Md,California
2014-03-13T00:17:53.400Z,37.6378,-118.9293,7.6,0.1,Md,California
2014-03-13T00:16:54.600Z,37.1903,-97.9012,5,2.7,mb_lg,Kansas
2014-03-13T00:12:55.700Z,38.8255,-122.8425,2.2,0.8,Md,California
2014-03-13T00:05:40.200Z,39.6098,-121.9942,28.3,2,Md,California
2014-03-13T00:00:00.900Z,38.8392,-122.8287,2.7,1.1,Md,California
2014-03-12T23:36:36.000Z,38.7918,-122.7762,1.1,0.1,Md,California
2014-03-12T23:36:26.070Z,33.5453333,-117.0491667,12.89,0.76,ml,California
2014-03-12T23:36:16.000Z,51.2393,-176.4011,20.3,2.2,ml,Alaska
2014-03-12T23:32:52.000Z,60.1332,-152.516,103.4,2,ml,Alaska
2014-03-12T23:18:34.840Z,35.0288333,-117.6901667,0.05,1.89,ml,California
2014-03-12T23:06:53.000Z,51.2097,-178.6716,31.3,3.2,ml,Alaska
2014-03-12T23:03:26.900Z,37.6455,-118.9478,10.2,0.1,Md,California
2014-03-12T23:02:09.700Z,37.6378,-118.9342,7.2,0.6,Md,California
2014-03-12T23:01:39.000Z,64.9918,-147.3444,0,1.3,ml,Alaska
2014-03-12T22:56:09.000Z,62.7577,-148.6364,14.7,0.9,ml,Alaska
2014-03-12T22:54:16.400Z,37.641,-118.9332,7.8,0.4,Md,California
2014-03-12T22:51:22.500Z,37.6375,-118.9328,7.4,1.4,Md,California
2014-03-12T22:49:35.400Z,37.6383,-118.9325,7.6,0.7,Md,California
2014-03-12T22:48:44.800Z,37.6418,-118.9317,8.2,1.3,Md,California
2014-03-12T22:48:16.500Z,37.6398,-118.9318,7.7,1.1,Md,California
2014-03-12T22:46:42.700Z,37.657,-118.9307,1.5,1.5,Md,California
2014-03-12T22:45:50.500Z,32.5941667,-115.7016667,8.12,1.92,ml,Mexico
2014-03-12T22:40:05.600Z,18.9813,-67.5022,10,2.8,Md,Puerto Rico
2014-03-12T22:35:54.470Z,31.0189,131.3871,45.23,4.6,mb,Japan
2014-03-12T22:34:17.600Z,37.6053,-118.933,1.2,0.5,Md,California
2014-03-12T22:30:02.800Z,32.6235,-116.9745,0.01,0.98,ml,California
2014-03-12T22:29:53.200Z,38.785,-122.7782,3,0.6,Md,California
2014-03-12T22:18:56.100Z,37.458,-118.5687,11.6,1.4,Md,California
2014-03-12T22:11:59.900Z,38.839,-122.829,2.2,0.4,Md,California
2014-03-12T22:04:46.420Z,33.973,-116.8673333,20.01,1.21,ml,California
2014-03-12T22:00:17.000Z,61.3663,-150.6623,56.8,1.4,ml,Alaska
2014-03-12T21:59:47.070Z,33.6738333,-116.7285,17.39,0.35,ml,California
2014-03-12T21:49:18.800Z,37.6475,-118.8685,3.9,0.7,Md,California
2014-03-12T21:48:04.000Z,61.9882,-149.2171,12.3,2.4,ml,Alaska
2014-03-12T21:35:59.600Z,38.771,-122.7088,2.8,0.5,Md,California
2014-03-12T21:31:43.300Z,19.3222,-155.1693,3.1,1.8,Md,Hawaii
2014-03-12T21:30:24.600Z,40.7495,-122.3123,0,2,Md,California
2014-03-12T21:21:06.600Z,38.8435,-122.7648,1.9,1.3,Md,California
2014-03-12T21:16:43.800Z,35.58,-97.292,5.2,2.2,ml,Oklahoma
2014-03-12T21:12:14.200Z,49.4573,-120.5302,0,2.5,Md,Canada
2014-03-12T21:07:42.300Z,36.6843,-121.3135,4.3,1.7,Md,California
2014-03-12T21:03:02.991Z,39.5796,-119.0755,12.2419,1.83,ml,Nevada
2014-03-12T20:48:57.730Z,34.2775,-118.364,3.69,1.45,ml,California
2014-03-12T20:45:31.450Z,34.34,-116.878,0.01,1.17,ml,California
2014-03-12T20:43:32.640Z,-12.216,44.3187,10,4.8,mb,Comoros
2014-03-12T20:38:16.000Z,61.4072,-140.3219,12.2,1.4,ml,Canada
2014-03-12T20:36:57.100Z,44.8147,-111.033,6.7,-0.5,Md,Montana
2014-03-12T20:34:36.570Z,36.0736667,-117.8486667,2.51,0.98,ml,California
2014-03-12T20:34:13.000Z,62.8502,-149.4125,13.5,0.7,ml,Alaska
2014-03-12T20:27:22.500Z,47.0885,-118.8418,0,1.7,Md,Washington
2014-03-12T20:26:51.000Z,60.0701,-151.285,56.7,1.4,ml,Alaska
2014-03-12T20:21:59.200Z,28.336,57.069,10,4.3,mb,Iran
2014-03-12T20:15:05.500Z,47.4651,-115.785,1.5,2.1,mc,Idaho
2014-03-12T20:13:50.000Z,60.0689,-152.6474,93.8,2.2,ml,Alaska
2014-03-12T20:12:35.290Z,33.558,-116.6468333,11.93,0.41,ml,California
2014-03-12T20:04:19.000Z,63.1358,-144.4433,0.2,1.4,ml,Alaska
2014-03-12T20:04:00.700Z,38.8493,-122.7358,3.1,1.4,Md,California
2014-03-12T19:45:38.700Z,37.3277,-122.1035,0,1.5,Md,CA
2014-03-12T19:43:12.850Z,35.799,-117.5731667,5.71,0.59,ml,California
2014-03-12T19:35:26.420Z,37.1855,-97.8585,5,3.2,mb_lg,Kansas
2014-03-12T19:25:40.990Z,-23.5851,-175.0504,11.46,5.2,mb,Tonga
2014-03-12T19:19:16.310Z,35.9116667,-117.9195,2.2,1.4,ml,California
2014-03-12T19:19:02.500Z,37.6243,-119.0458,3.9,0.5,Md,California
2014-03-12T19:13:31.020Z,37.0747,144.4386,41.27,4.7,mb,Japan
2014-03-12T19:09:31.000Z,63.1086,-151.5182,12.3,1.3,ml,Alaska
2014-03-12T19:03:57.100Z,37.6145,-119.3607,13.9,1.4,Md,California
2014-03-12T18:36:20.400Z,38.7605,-122.7273,2.1,1.5,Md,California
2014-03-12T18:29:28.000Z,37.609,-119.3628,12.5,1.7,Md,California
2014-03-12T18:28:05.250Z,34.1238333,-118.404,3.17,2.1,ml,California
2014-03-12T18:22:48.110Z,33.003,-116.4413333,9.7,1.14,ml,California
2014-03-12T18:20:32.200Z,39.236,-110.4755,12.2,1.3,Ml,Utah
2014-03-12T18:18:40.950Z,52.1483,153.0762,421.3,4.8,mb,Russia
2014-03-12T18:18:32.500Z,18.6573,-64.6436,9,2,Md,British Virgin Islands
2014-03-12T18:15:10.530Z,-49.3281,69.6089,14.37,4.9,mb,French Southern Territories
2014-03-12T18:09:38.570Z,36.634,-97.678,5,2.5,ml,Oklahoma
2014-03-12T18:04:06.000Z,63.774,-152.4001,7.4,1.5,ml,Alaska
2014-03-12T18:04:03.000Z,50.4172,-175.1123,25.6,2.5,ml,Alaska
2014-03-12T18:00:04.550Z,37.199,-97.8659,5,2.9,mb_lg,Kansas
2014-03-12T17:55:46.280Z,35.7965,82.3414,31.53,4.5,mb,China
2014-03-12T17:48:20.000Z,64.2067,-150.9971,10.2,2.5,ml,Alaska
2014-03-12T17:45:51.400Z,19.2185,-66.9496,3,3,Md,Puerto Rico
2014-03-12T17:40:18.000Z,52.1033,-173.7972,12.2,2,ml,Alaska
2014-03-12T17:26:48.720Z,36.284,-97.125,5,2.5,ml,Oklahoma
2014-03-12T17:13:30.970Z,13.4763,-90.8744,49.03,4.2,mb,Guatemala
2014-03-12T17:06:22.440Z,36.0361667,-117.7645,0.12,1.01,ml,California
2014-03-12T16:59:11.000Z,63.4065,-150.4461,125.4,1.3,ml,Alaska
2014-03-12T16:53:04.300Z,47.6955,-113.8316,13.8,1.4,mc,Montana
2014-03-12T16:42:13.400Z,18.4775,-66.6179,87,2.6,Md,Puerto Rico
2014-03-12T16:37:44.200Z,38.7935,-122.7583,1.7,0.6,Md,California
2014-03-12T16:31:46.330Z,38.8479996,-122.8414993,3.6,0.58,md,California
2014-03-12T16:29:27.000Z,36.291,-97.12,5,2.5,ml,Oklahoma
2014-03-12T16:23:40.000Z,60.3759,-152.3275,105.3,2.1,ml,Alaska
2014-03-12T16:22:04.000Z,60.4201,-147.3941,7.8,2.5,ml,Alaska
2014-03-12T16:19:39.000Z,64.4176,-146.6749,4,1.3,ml,Alaska
2014-03-12T16:12:25.000Z,52.0612,-174.0819,138.8,2.3,ml,Alaska
2014-03-12T16:03:54.800Z,18.8155,-67.4998,8,2.6,Md,Puerto Rico
2014-03-12T16:01:19.000Z,64.6327,-152.6289,8.7,2,ml,Alaska
2014-03-12T15:55:44.700Z,38.8325,-122.8787,2.3,0.8,Md,California
2014-03-12T15:53:44.000Z,64.1683,-148.6255,8.7,0.6,ml,Alaska
2014-03-12T15:36:08.900Z,38.8318,-122.8797,2.5,1.5,Md,California
2014-03-12T15:35:59.984Z,39.464,-119.9485,0,0.19,ml,Nevada
2014-03-12T15:34:20.000Z,52.5751,-166.858,16.6,2.6,ml,Alaska
2014-03-12T15:30:48.400Z,37.2535,71.9923,170.05,4,mb,Tajikistan
2014-03-12T15:24:04.000Z,63.197,-150.7929,129.3,1.4,ml,Alaska
2014-03-12T15:19:56.240Z,35.7561667,-118.0143333,2.09,1.34,ml,California
2014-03-12T15:09:39.000Z,56.8714,-152.8929,5,3.1,ml,Alaska
2014-03-12T15:02:31.000Z,38.8092,-122.8195,3.6,0.8,Md,California
2014-03-12T15:00:23.700Z,38.8345,-122.8777,3.3,1.3,Md,California
2014-03-12T14:59:15.400Z,33.5078333,-116.4695,10.17,0.82,ml,California
2014-03-12T14:53:39.720Z,36.0776667,-117.8943333,3.92,0.78,ml,California
2014-03-12T14:35:19.810Z,35.8262,-96.9244,5,2.6,mb_lg,Oklahoma
2014-03-12T14:14:24.990Z,33.9543333,-116.9306667,10.35,0.95,ml,California
2014-03-12T14:09:56.000Z,61.6098,-148.3055,15.4,0.9,ml,Alaska
2014-03-12T14:01:57.700Z,46.8292,-121.9133,10.8,0.4,Md,Washington
2014-03-12T13:54:25.000Z,63.2258,-145.3219,5.7,1.5,ml,Alaska
2014-03-12T13:41:08.000Z,63.0212,-151.0051,120.9,1.4,ml,Alaska
2014-03-12T13:34:14.000Z,62.3977,-151.9379,102.2,1.5,ml,Alaska
2014-03-12T13:17:45.772Z,38.6158,-119.4966,8,1.63,ml,Nevada
2014-03-12T12:59:43.000Z,62.2279,-149.0467,40.7,2.1,ml,Alaska
2014-03-12T12:57:54.210Z,37.1987,-97.8852,6.17,2.6,mb_lg,Kansas
2014-03-12T12:57:23.200Z,47.3351,-113.0211,30,1,mc,Montana
2014-03-12T12:36:53.400Z,18.8985,-64.249,9,2.4,Md,British Virgin Islands
2014-03-12T12:35:09.500Z,36.9783,-121.6223,7.4,1.1,Md,California
2014-03-12T12:34:46.400Z,38.7938,-122.76,1.8,1.1,Md,California
2014-03-12T12:30:45.710Z,36.623,-97.6618,4.99,2.7,mb_lg,Oklahoma
2014-03-12T12:27:16.630Z,33.3465,-116.1895,7.52,0.79,ml,California
2014-03-12T12:09:24.600Z,13.6568,-91.504,34.94,4.4,mb,Guatemala
2014-03-12T11:59:54.000Z,62.5577,-149.0575,53,1,ml,Alaska
2014-03-12T11:54:43.000Z,37.6227,-119.3732,14.1,2.7,Md,California
2014-03-12T11:50:45.400Z,19.3932,-67.0682,28,4.3,Md,Puerto Rico
2014-03-12T11:49:12.000Z,63.3364,-147.0477,62.5,1.1,ml,Alaska
2014-03-12T11:34:57.200Z,38.8213,-122.7613,2.6,1.9,Md,California
2014-03-12T11:22:44.710Z,35.9775,-117.3351667,9.76,0.94,ml,California
2014-03-12T11:07:48.000Z,38.9523,-111.3822,1.4,1.2,Ml,Utah
2014-03-12T11:05:54.000Z,62.3055,-151.5166,87.2,1.5,ml,Alaska
2014-03-12T11:03:20.100Z,38.794,-122.7588,1.8,1.2,Md,California
2014-03-12T11:01:49.440Z,17.1907,119.4303,33.31,4.6,mb,Philippines
2014-03-12T10:56:17.600Z,38.6267,-119.4877,1.9,2.2,Md,Nevada
2014-03-12T10:55:53.000Z,63.9499,-149.0288,9.3,0.9,ml,Alaska
2014-03-12T10:53:13.000Z,62.7753,-148.3434,7.9,0.7,ml,Alaska
2014-03-12T10:45:11.000Z,18.8001,-64.1904,39,2.9,Md,British Virgin Islands
2014-03-12T10:36:58.630Z,-15.3946,-173.1042,35.85,4.6,mb,Tonga
2014-03-12T10:25:58.000Z,61.5897,-148.2989,10,1.1,ml,Alaska
2014-03-12T10:17:49.520Z,37.6365,-118.9193333,7.86,0.14,md,California
2014-03-12T10:16:39.000Z,63.8394,-149.1726,1,1.6,ml,Alaska
2014-03-12T10:07:55.000Z,61.9933,-148.7837,4.6,2.1,ml,Alaska
2014-03-12T10:05:03.000Z,64.9933,-148.7566,12.1,1,ml,Alaska
2014-03-12T10:02:43.300Z,18.1583,-65.9375,73,2,Md,Puerto Rico
2014-03-12T10:01:10.200Z,18.9153,-64.306,6,2.5,Md,British Virgin Islands
2014-03-12T09:50:25.100Z,37.1966,-97.8858,3.1,3.3,mb_lg,Kansas
2014-03-12T09:44:37.100Z,37.637,-118.9138,8.2,2.7,Md,California
2014-03-12T09:40:48.100Z,38.8357,-122.8027,2.7,1.5,Md,California
2014-03-12T09:38:58.500Z,37.634,-118.913,8.4,1.8,Md,California
2014-03-12T09:37:34.200Z,37.6352,-118.9132,8.4,1.4,Md,California
2014-03-12T09:33:45.100Z,33.5093333,-116.4773333,10.17,0.49,ml,California
2014-03-12T09:25:33.000Z,59.6486,-153.2796,110.3,2.1,ml,Alaska
2014-03-12T09:20:23.000Z,61.2513,-146.9401,24.1,1.2,ml,Alaska
2014-03-12T09:19:47.000Z,60.1508,-152.5141,93.8,2.2,ml,Alaska
2014-03-12T09:08:07.900Z,40.7465,-125.1917,18.2,3,Ml,California
2014-03-12T09:05:23.100Z,47.7413,-120.0353,4,1.3,Md,Washington
2014-03-12T08:56:34.600Z,38.775,-122.7175,2.4,1.5,Md,California
2014-03-12T08:43:35.000Z,59.2956,-153.177,86.1,4.6,ml,Alaska
2014-03-12T08:36:55.100Z,38.779,-122.7595,2,0.9,Md,California
2014-03-12T08:36:44.360Z,38.7788315,-122.7584991,2.1,0.57,md,California
2014-03-12T08:35:58.000Z,63.4151,-149.2928,88.5,1.1,ml,Alaska
2014-03-12T08:35:07.000Z,52.4104,-168.4475,12.7,2.9,ml,Alaska
2014-03-12T08:31:57.340Z,33.6883333,-116.7981667,17.39,0.72,ml,California
2014-03-12T08:29:03.500Z,38.829,-122.8542,2.7,0.3,Md,California
2014-03-12T08:28:42.600Z,40.4442,-121.2268,11.7,1.1,Md,California
2014-03-12T08:23:08.760Z,33.9535,-116.6448333,15.25,0.73,ml,California
2014-03-12T08:10:45.290Z,36.1043333,-117.8636667,5.95,1.04,ml,California
2014-03-12T08:04:04.530Z,-25.4002,178.4321,609.13,4.6,mb,South of the Fiji Islands
2014-03-12T07:49:38.000Z,40.6535,-125.2478,24.2,2.9,Md,California
2014-03-12T07:46:18.000Z,63.0029,-148.0729,10.3,0.2,ml,Alaska
2014-03-12T07:38:45.000Z,53.2322,-165.622,37.8,3.6,ml,Alaska
2014-03-12T07:14:35.300Z,55.2524,-160.2834,25.26,4,mb,Alaska
2014-03-12T07:08:57.800Z,36.7683333,-121.4053333,9.77,2.13,md,California
2014-03-12T07:01:50.700Z,34.0695,-117.218,5,1.2,ml,California
2014-03-12T06:54:31.500Z,36.2128,-89.4097,6.5,2.1,md,Tennessee
2014-03-12T06:52:32.750Z,36.0978333,-117.8465,3.74,1.16,ml,California
2014-03-12T06:52:00.160Z,33.3698333,-116.3568333,10.26,0.86,ml,California
2014-03-12T06:48:25.000Z,62.7891,-149.1099,16.9,0.9,ml,Alaska
2014-03-12T06:47:10.600Z,18.882,-65.1697,54,3.1,Md,U.S. Virgin Islands
2014-03-12T06:28:16.100Z,38.827,-122.8032,0,1.1,Md,California
2014-03-12T06:24:47.000Z,35.8262,-120.3738,6.3,1.8,Md,California
2014-03-12T06:19:02.000Z,60.6904,-137.8114,2.5,1.7,ml,Canada
2014-03-12T05:59:09.500Z,38.8177,-122.8207,1.5,1.5,Md,California
2014-03-12T05:59:07.000Z,60.3719,-152.2309,83.8,1.6,ml,Alaska
2014-03-12T05:53:10.000Z,62.3922,-148.1671,38.2,1.6,ml,Alaska
2014-03-12T05:52:39.000Z,51.0986,-176.178,4.9,2,ml,Alaska
2014-03-12T05:44:47.000Z,63.4302,-151.6789,10.7,1,ml,Alaska
2014-03-12T05:42:41.350Z,35.8026667,-117.5623333,5.08,1.64,ml,California
2014-03-12T05:29:05.160Z,-6.5297,146.1856,131.69,4.9,mb,Papua New Guinea
2014-03-12T05:21:31.300Z,38.8318,-122.8122,1.9,0.3,Md,California
2014-03-12T05:17:53.010Z,38.592,-122.2675,3.73,1.79,md,California
2014-03-12T05:16:44.475Z,37.0737,-117.9473,13.1669,2.08,ml,California
2014-03-12T05:11:05.776Z,40.0666,-119.5575,10.246,0.37,ml,Nevada
2014-03-12T04:53:45.600Z,38.7927,-122.7572,2.3,0.3,Md,California
2014-03-12T04:41:13.000Z,61.4437,-146.6699,7.9,1.8,ml,Alaska
2014-03-12T04:41:12.960Z,33.5293333,-116.435,9.82,0.45,ml,California
2014-03-12T04:24:26.500Z,37.6182,-119.3593,14.4,2.5,Md,California
2014-03-12T04:16:28.230Z,36.0801667,-117.8831667,5.52,0.7,ml,California
2014-03-12T04:14:38.210Z,33.6903333,-116.7966667,16.85,0.59,ml,California
2014-03-12T04:05:13.500Z,38.826,-122.851,2.7,2.1,Md,California
2014-03-12T04:03:01.000Z,36.0738333,-117.8606667,2.76,0.99,ml,California
2014-03-12T03:55:46.890Z,36.101,-117.845,3.83,0.58,ml,California
2014-03-12T03:54:34.100Z,19.3397,-155.1157,5.8,1.5,Md,Hawaii
2014-03-12T03:50:04.000Z,63.245,-151.1525,7.1,1.6,ml,Alaska
2014-03-12T03:43:19.590Z,35.6436667,-118.4625,9.74,0.91,ml,California
2014-03-12T03:42:54.200Z,38.8023,-122.4692,9.9,1.4,Md,California
2014-03-12T03:42:27.400Z,19.1988,-155.3282,43.3,3.3,Ml,Hawaii
2014-03-12T03:39:58.100Z,38.7937,-122.452,9.8,2.9,Ml,California
2014-03-12T03:30:34.970Z,33.4791667,-116.4766667,13.04,0.81,ml,California
2014-03-12T03:26:22.700Z,38.8302,-122.7992,2.1,1.2,Md,California
2014-03-12T03:25:51.200Z,38.8283,-122.7995,2,1.6,Md,California
2014-03-12T03:25:48.500Z,38.8315,-122.7992,1.8,1.5,Md,California
2014-03-12T03:11:42.530Z,33.4715,-116.5013333,14.68,0.73,ml,California
2014-03-12T03:04:13.700Z,47.0153,-125.6128,16.4,2.2,Md,Washington
2014-03-12T02:55:02.000Z,62.3659,-148.6437,40.1,1.2,ml,Alaska
2014-03-12T02:54:56.000Z,61.5171,-140.8051,8.8,2.3,ml,Alaska
2014-03-12T02:52:32.020Z,33.5045,-116.4713333,10.82,0.35,ml,California
2014-03-12T02:50:54.900Z,44.6326,-112.0828,9.2,1.4,mc,Montana
2014-03-12T02:49:24.000Z,61.5919,-148.27,16.2,1.2,ml,Alaska
2014-03-12T02:29:28.000Z,61.5134,-146.6757,16.7,1.6,ml,Alaska
2014-03-12T02:28:41.470Z,35.4929,-97.2368,5.1,2.6,mb_lg,Oklahoma
2014-03-12T02:21:37.941Z,37.3825,-117.1192,11.5197,1.3,ml,Nevada
2014-03-12T02:20:25.000Z,53.9304,-166.5721,10.1,1.6,ml,Alaska
2014-03-12T02:10:49.100Z,38.81,-122.8193,3.5,0.5,Md,California
2014-03-12T02:05:53.200Z,40.3385,-124.0865,30.2,1.8,Md,California
2014-03-12T01:57:51.200Z,38.8177,-122.7972,3.8,0.4,Md,California
2014-03-12T01:56:20.340Z,35.9004,-97.2581,5,2.3,mb_lg,Oklahoma
2014-03-12T01:51:45.400Z,36.7727,-121.402,10.5,1.7,Md,California
2014-03-12T01:48:34.600Z,37.5122,-118.8762,5,0.3,Md,California
2014-03-12T01:47:35.760Z,33.9758333,-116.9705,16.28,1.19,ml,California
2014-03-12T01:46:05.700Z,38.8003,-122.4647,9.7,1.8,Md,California
2014-03-12T01:45:24.000Z,55.8512,-161.2263,167.2,3.1,ml,Alaska
2014-03-12T01:29:50.300Z,38.8287,-122.8508,2.3,0.5,Md,California
2014-03-12T01:08:23.430Z,33.4878333,-116.7435,10.61,0.78,ml,California
2014-03-12T00:59:06.740Z,33.484,-116.7451667,10.26,1.01,ml,California
2014-03-12T00:57:29.710Z,36.1066667,-117.8611667,5.56,0.22,ml,California
2014-03-12T00:46:03.000Z,63.9226,-148.9179,0,2.1,ml,Alaska
2014-03-12T00:31:44.930Z,44.3233,-129.1492,10,5.1,mb,Off the coast of Oregon
2014-03-12T00:30:15.000Z,36.7672,-121.4028,9.3,1.7,Md,California
2014-03-12T00:29:50.000Z,62.2522,-152.2196,120.9,1.9,ml,Alaska
2014-03-12T00:06:53.300Z,46.315,-122.3755,15,0.6,Md,Washington
2014-03-12T00:03:58.310Z,-19.3138,-175.7575,183.5,4.7,mb,Tonga
2014-03-12T00:03:56.000Z,62.929,-151.2235,120.1,1.5,ml,Alaska
2014-03-11T23:57:02.020Z,-25.2094,-70.22,52.63,4.2,mb,Chile
2014-03-11T23:49:56.000Z,64.9536,-148.458,7.3,0.3,ml,Alaska
2014-03-11T23:39:44.300Z,47.1038,-123.113,0,1.1,Md,Washington
2014-03-11T23:36:20.000Z,61.1455,-150.5673,62,3.2,ml,Alaska
2014-03-11T23:35:19.900Z,36.833,-121.358,6.9,1.3,Md,California
2014-03-11T23:19:50.170Z,35.043,-117.6855,0.01,1.68,ml,California
2014-03-11T23:16:41.500Z,38.7558,-122.7323,2.6,0.9,Md,California
2014-03-11T23:14:26.800Z,40.5282,-125.2617,23.9,2.8,Md,California
2014-03-11T23:12:48.000Z,64.9933,-147.2968,0,1.1,ml,Alaska
2014-03-11T23:06:55.000Z,59.7955,-153.2803,129,3.7,ml,Alaska
2014-03-11T23:05:57.200Z,18.1051,-66.985,16,1.5,Md,Puerto Rico
2014-03-11T22:59:38.070Z,35.941,-117.1733333,0.01,1.11,ml,California
2014-03-11T22:34:35.000Z,62.2625,-150.9049,70.8,1.7,ml,Alaska
2014-03-11T22:23:41.000Z,51.6021,-178.1,3.9,3,ml,Alaska
2014-03-11T22:22:53.000Z,59.7815,-152.9246,16.8,1.4,ml,Alaska
2014-03-11T22:21:46.800Z,36.0448333,-117.5765,4.47,0.65,ml,California
2014-03-11T22:07:51.800Z,38.8212,-122.7632,2.2,0.9,Md,California
2014-03-11T22:03:11.450Z,-3.1128,148.4774,10,6.1,mww,Papua New Guinea
2014-03-11T22:02:49.530Z,36.6068344,-121.2214966,6.46,1.58,md,California
2014-03-11T21:59:05.300Z,47.7521,-113.7453,13.3,1.6,mc,Montana
2014-03-11T21:51:07.800Z,36.882,-120.9903,4.2,1.7,Md,California
2014-03-11T21:25:40.000Z,52.6664,-169.2555,19.9,2.2,ml,Alaska
2014-03-11T21:24:34.200Z,43.9775,-123.1827,6.7,0.6,Md,Oregon
2014-03-11T21:20:18.100Z,38.8132,-122.8218,3.2,1.4,Md,California
2014-03-11T21:18:27.500Z,46.1667,-122.7533,0,1.4,Md,Washington
2014-03-11T21:17:34.000Z,37.3932,-112.4702,2.3,2.2,Ml,Utah
2014-03-11T20:57:24.810Z,36.123,-96.904,5,2.3,ml,Oklahoma
2014-03-11T20:57:22.910Z,33.8395,-117.5008333,0.01,1.43,ml,California
2014-03-11T20:32:47.000Z,63.2886,-149.1762,85.1,1.3,ml,Alaska
2014-03-11T20:23:46.000Z,52.989,-165.8865,23.7,2.7,ml,Alaska
2014-03-11T20:22:57.000Z,51.3494,-178.2359,27.2,2.7,ml,Alaska
2014-03-11T20:12:43.970Z,38.3132,92.7874,14.21,4.6,mb,China
2014-03-11T20:08:16.000Z,63.2558,-151.1814,16.1,1.1,ml,Alaska
2014-03-11T20:04:32.210Z,35.7807,140.0993,63.22,5,mb,Japan
2014-03-11T19:59:44.120Z,38.7903328,-122.7623367,2.55,1.49,md,California
2014-03-11T19:55:24.300Z,43.6138,-123.3013,0,0.4,Md,Oregon
2014-03-11T19:52:27.400Z,40.0927,-123.7482,21.3,1.6,Md,California
2014-03-11T19:45:06.220Z,35.767,-97.459,5,2.3,ml,Oklahoma
2014-03-11T19:32:07.700Z,47.174,-121.9068,0,0.5,Md,Washington
2014-03-11T19:30:20.000Z,63.568,-149.8194,121.8,1.6,ml,Alaska
2014-03-11T19:21:41.400Z,40.6455,-125.3065,23.6,3.1,Ml,California
2014-03-11T19:20:15.270Z,33.4793333,-116.5788333,7.34,0.29,ml,California
2014-03-11T19:19:30.140Z,38.8033333,-122.8195038,3.73,0.55,md,California
2014-03-11T19:01:05.760Z,36.1043333,-117.8545,4.44,0.5,ml,California
2014-03-11T18:56:24.000Z,62.2433,-152.3326,121.7,1.9,ml,Alaska
2014-03-11T18:54:22.000Z,51.8083,-173.4506,52.8,2,ml,Alaska
2014-03-11T18:25:34.500Z,18.7674,-65.0416,7,2.3,Md,U.S. Virgin Islands
2014-03-11T18:20:24.900Z,37.4072,-118.6265,13.5,0.9,Md,California
2014-03-11T18:15:55.300Z,38.8195,-122.8185,2.7,0.7,Md,California
2014-03-11T18:12:31.000Z,60.4731,-143.7248,12.9,2.1,ml,Alaska
2014-03-11T18:10:23.000Z,52.7938,-163.7803,36.1,3,ml,Alaska
2014-03-11T18:08:28.500Z,46.2008,-122.1813,2.6,1.2,Md,Washington
2014-03-11T18:06:31.100Z,44.0112,-122.7087,0,1.6,Md,Oregon
2014-03-11T17:49:21.460Z,35.952,-97.4,3.7,2.9,ml,Oklahoma
2014-03-11T17:42:00.910Z,0.521,-26.9563,14.69,5.1,mb,Central Mid-Atlantic Ridge
2014-03-11T17:18:37.360Z,34.5513333,-116.2485,6.11,1.51,ml,California
2014-03-11T17:16:11.000Z,62.5127,-151.3759,91.9,1.8,ml,Alaska
2014-03-11T17:10:24.810Z,36.3901667,-117.7948333,0.88,1.37,ml,California
2014-03-11T16:47:53.400Z,38.842,-122.8275,2.4,0.9,Md,California
2014-03-11T16:42:13.300Z,38.7593,-122.7162,2,0.9,Md,California
2014-03-11T16:34:25.500Z,38.832,-122.7993,2.9,2.3,Md,California
2014-03-11T16:32:29.000Z,51.4195,-177.6665,14.9,1.9,ml,Alaska
2014-03-11T16:29:08.900Z,37.3035,-121.6712,10.9,0.9,Md,California
2014-03-11T16:17:05.000Z,60.4571,-147.3683,3.6,1.8,ml,Alaska
2014-03-11T16:14:53.300Z,18.9055,-65.193,53,2.9,Md,Puerto Rico
2014-03-11T16:12:58.900Z,18.3397,-65.0595,80,2.2,Md,U.S. Virgin Islands
2014-03-11T16:04:16.430Z,34.3418333,-116.8768333,0.01,1.08,ml,California
2014-03-11T15:27:19.900Z,39.965,-109.429,-2.4,2.1,Ml,Utah
2014-03-11T15:27:12.400Z,38.7566681,-122.7271652,2.17,1.67,md,California
2014-03-11T15:27:01.000Z,54.4679,-161.5145,16.3,2.5,ml,Alaska
2014-03-11T15:20:58.980Z,38.7891655,-122.7434998,1.79,0.7,md,California
2014-03-11T15:19:03.500Z,38.8115,-122.7963,3,0.8,Md,California
2014-03-11T15:12:39.000Z,60.3742,-147.7822,12.4,1.9,ml,Alaska
2014-03-11T15:11:28.000Z,58.9733,-134.5024,0.8,2.8,ml,Alaska
2014-03-11T15:10:27.000Z,62.2685,-151.0731,80,1.7,ml,Alaska
2014-03-11T15:06:05.900Z,47.7416,-114.273,7,1.1,mc,Montana
2014-03-11T14:56:15.300Z,37.6355,-119.0223,4.6,0.1,Md,California
2014-03-11T14:53:05.000Z,56.8431,-153.1776,14.9,2.9,ml,Alaska
2014-03-11T14:36:21.000Z,60.0379,-153.1037,123,1.9,ml,Alaska
2014-03-11T14:27:55.600Z,38.9588,-111.385,1.7,1.3,Ml,Utah
2014-03-11T14:18:45.300Z,38.7933,-122.7475,2.8,0.6,Md,California
2014-03-11T14:03:37.687Z,38.7548,-119.4628,11.1378,0.53,ml,Nevada
2014-03-11T14:02:17.580Z,38.7573,-119.4649,12.5003,1.43,ml,Nevada
2014-03-11T13:57:05.930Z,5.2531,-72.8488,38.49,4.7,mb,Colombia
2014-03-11T13:53:13.000Z,62.9743,-150.3815,93.5,1.5,ml,Alaska
2014-03-11T13:51:00.000Z,63.1421,-144.4047,10,0.6,ml,Alaska
2014-03-11T13:47:20.283Z,38.7557,-119.4611,13.3785,2.19,ml,Nevada
2014-03-11T13:16:06.000Z,65.8471,-149.7289,15.2,1.5,ml,Alaska
2014-03-11T12:55:27.800Z,35.9014,-97.2675,3.81,3.7,mb_lg,Oklahoma
2014-03-11T12:53:31.050Z,37.5383333,-118.8358333,7.09,0.47,md,California
2014-03-11T12:52:34.000Z,51.4769,-177.526,36.9,2.1,ml,Alaska
2014-03-11T12:27:05.100Z,34.294,-4.9832,10,4.7,mb,Morocco
2014-03-11T12:25:13.000Z,63.2836,-151.2585,12.6,1.1,ml,Alaska
2014-03-11T12:09:03.200Z,38.8183,-122.8215,3.3,1,Md,California
2014-03-11T12:05:31.000Z,52.8439,-167.2124,19.5,2,ml,Alaska
2014-03-11T11:47:14.070Z,34.0395,-116.9598333,19.24,0.93,ml,California
2014-03-11T11:37:18.700Z,38.7903328,-122.762001,1.78,1.32,md,California
2014-03-11T11:23:54.760Z,13.7442,92.9354,35.47,4.8,mb,India
2014-03-11T11:21:50.450Z,36.0503333,-117.5718333,7.35,0.58,ml,California
2014-03-11T11:16:27.000Z,44.7468,-110.78,6.6,1.6,Ml,Montana
2014-03-11T11:13:01.400Z,38.7933,-122.7582,1.6,1.4,Md,California
2014-03-11T11:05:30.500Z,44.755,-110.7843,6.2,0.4,Md,Montana
2014-03-11T11:05:11.900Z,44.7475,-110.783,7,1.4,Ml,Montana
2014-03-11T11:04:34.700Z,44.7482,-110.7882,6.4,1.8,Ml,Montana
2014-03-11T11:03:42.700Z,44.7537,-110.7825,6.4,1.6,Ml,Montana
2014-03-11T11:03:39.000Z,59.8492,-153.0849,98.7,1.9,ml,Alaska
2014-03-11T10:59:10.500Z,44.745,-110.7885,6,2.1,Ml,Montana
2014-03-11T10:57:31.600Z,44.7548,-110.779,7.9,1.2,Ml,Montana
2014-03-11T10:52:08.000Z,60.1803,-153.1135,147.7,2.1,ml,Alaska
2014-03-11T10:41:22.060Z,12.9911,-89.8473,70.68,4.3,mb,El Salvador
2014-03-11T10:32:24.000Z,61.5263,-140.6475,1.9,2.1,ml,Canada
2014-03-11T10:32:05.200Z,38.8233,-122.8438,2.2,0.9,Md,California
2014-03-11T10:22:44.000Z,42.0212,-112.5335,6,1.2,Md,Idaho
2014-03-11T10:22:01.000Z,54.4425,-160.7261,4.5,2.7,ml,Alaska
2014-03-11T10:12:50.800Z,34.3613333,-116.8643333,0.01,1.45,ml,California
2014-03-11T10:12:40.800Z,32.8595,-115.494,10.81,1.4,ml,California
2014-03-11T10:05:00.280Z,33.981,-116.9605,18,1.58,ml,California
2014-03-11T10:03:08.580Z,35.4768333,-118.2806667,5.32,2.62,ml,California
2014-03-11T09:50:14.900Z,48.843,-112.5663,5.4,1.6,mc,Montana
2014-03-11T09:47:02.400Z,40.5722,-125.2805,18,2.8,Md,California
2014-03-11T09:44:43.000Z,47.5853,-122.6563,16.6,0.5,Md,Washington
2014-03-11T09:42:31.000Z,63.2987,-151.1451,18.4,1.1,ml,Alaska
2014-03-11T09:25:55.590Z,6.1419,-77.6767,10.63,4.5,mb,Colombia
2014-03-11T09:21:57.000Z,63.2913,-151.1852,15.5,1.7,ml,Alaska
2014-03-11T09:20:36.700Z,44.8327,-110.532,6.7,1.7,Ml,Wyoming
2014-03-11T08:58:39.690Z,38.7719994,-122.7354965,1.53,0.53,md,California
2014-03-11T08:51:11.800Z,38.959,-111.3792,3.2,1.6,Md,Utah
2014-03-11T08:49:40.000Z,63.6399,-149.7672,117.2,1.4,ml,Alaska
2014-03-11T08:48:25.000Z,60.0126,-149.0131,4.3,1.8,ml,Alaska
2014-03-11T08:46:01.000Z,48.8426,-112.5713,6.4,1.6,mc,Montana
2014-03-11T08:43:56.000Z,61.6723,-150.0595,8.5,1.8,ml,Alaska
2014-03-11T08:37:17.580Z,32.2235,-115.2391667,18.96,2.69,ml,Mexico
2014-03-11T08:34:19.000Z,63.288,-151.1822,13.8,2.6,ml,Alaska
2014-03-11T08:26:30.000Z,48.8415,-112.5781,6.3,1.7,mc,Montana
2014-03-11T08:24:18.660Z,33.4993333,-116.4738333,10.83,0.31,ml,California
2014-03-11T08:08:49.500Z,38.782,-122.732,1.3,0.9,Md,California
2014-03-11T08:08:44.640Z,-15.8489,-74.1223,50.69,4.7,mb,Peru
2014-03-11T08:08:40.000Z,60.1185,-151.992,70.1,1.6,ml,Alaska
2014-03-11T08:06:43.300Z,48.8506,-112.5911,7.8,2.2,mc,Montana
2014-03-11T08:05:10.900Z,40.6903,-125.1853,11.3,2.9,Md,California
2014-03-11T07:54:27.000Z,61.2958,-151.9269,93.5,1.8,ml,Alaska
2014-03-11T07:51:27.400Z,41.9923,-124.2805,33.6,1.6,Ml,Oregon
2014-03-11T07:33:57.000Z,62.3871,-149.1573,2.2,1.4,ml,Alaska
2014-03-11T07:28:09.000Z,61.9297,-149.173,14.8,1.3,ml,Alaska
2014-03-11T07:24:21.990Z,35.1413333,-118.159,2.41,1.75,ml,California
2014-03-11T07:16:40.810Z,36.767,-121.4011667,9.29,2.16,md,California
2014-03-11T07:16:38.300Z,40.4623,-121.4425,4.2,0.3,Md,California
2014-03-11T07:11:42.800Z,37.6605,-122.0707,4.6,1.9,Md,California
2014-03-11T07:01:34.900Z,44.8236,-112.8583,8.6,1.1,mc,Montana
2014-03-11T07:01:13.340Z,41.0025,-80.5336667,5.22,2.1,ml,Ohio
2014-03-11T06:46:44.650Z,35.9461667,-117.7021667,4.17,0.58,ml,California
2014-03-11T06:39:54.410Z,11.6286,-87.1259,54.34,4.6,mb,Nicaragua
2014-03-11T06:33:06.000Z,53.3152,-166.4268,39.8,2.6,ml,Alaska
2014-03-11T06:13:37.300Z,37.5878,-119.0083,5,0.1,Md,California
2014-03-11T06:11:19.400Z,37.5803,-119.0043,4.9,0.5,Md,California
2014-03-11T06:09:03.200Z,19.1445,-66.591,42,2.7,Md,Puerto Rico
2014-03-11T06:07:17.400Z,38.8195,-122.7935,3.4,0.9,Md,California
2014-03-11T06:04:31.500Z,38.8222,-122.7925,3.6,2,Md,California
2014-03-11T06:03:50.640Z,38.8224983,-122.8450012,2.5,0.95,md,California
2014-03-11T06:02:47.000Z,61.7498,-149.9352,44.8,1.6,ml,Alaska
2014-03-11T05:55:18.200Z,47.6255,-122.9032,16.5,0,Md,Washington
2014-03-11T05:37:49.000Z,60.0478,-151.483,71.1,1.5,ml,Alaska
2014-03-11T05:34:09.510Z,33.3615,-116.3008333,13.29,0.93,ml,California
2014-03-11T05:31:21.400Z,37.641,-118.8575,8.8,0.2,Md,California
2014-03-11T05:26:02.430Z,33.3615,-116.3086667,12.58,1.67,ml,California
2014-03-11T05:25:40.110Z,74.5521,-72.8162,10,4.7,mb,Canada
2014-03-11T05:14:26.710Z,11.5959,-87.0292,63.65,4.2,mb,Nicaragua
2014-03-11T05:06:11.100Z,39.2388,-120.0817,9.4,1.1,Md,California
2014-03-11T05:04:11.500Z,38.7692,-122.9247,2.9,1.4,Md,California
2014-03-11T05:00:56.000Z,54.135,-164.1821,25.6,2.5,ml,Alaska
2014-03-11T04:46:14.370Z,36.0755,-117.8545,2.14,1.28,ml,California
2014-03-11T04:26:38.000Z,60.0341,-152.7406,108,2.2,ml,Alaska
2014-03-11T04:19:54.000Z,63.7671,-149.3548,122.4,2.2,ml,Alaska
2014-03-11T04:19:53.370Z,37.6381667,-118.8605,8.28,0.24,md,California
2014-03-11T04:19:22.900Z,36.9588,-121.3975,8,0.9,Md,California
2014-03-11T03:52:11.000Z,59.9299,-151.7231,50.6,2.8,ml,Alaska
2014-03-11T03:46:32.500Z,40.8237,-125.1023,24.9,2.9,Md,California
2014-03-11T03:32:22.000Z,63.9214,-148.9294,0,1.3,ml,Alaska
2014-03-11T03:31:02.000Z,64.7742,-147.4311,13.1,0.6,ml,Alaska
2014-03-11T03:27:53.800Z,38.7705,-122.7098,2.5,1.2,Md,California
2014-03-11T03:23:36.300Z,38.8218,-122.7968,2.3,0.9,Md,California
2014-03-11T03:14:59.000Z,61.3442,-150.0075,41.1,1.6,ml,Alaska
2014-03-11T03:14:03.000Z,63.2819,-151.0923,14.8,1.4,ml,Alaska
2014-03-11T03:08:53.810Z,32.8988333,-116.2056667,5.82,1.29,ml,California
2014-03-11T03:07:43.500Z,38.8395,-122.826,2.4,0.9,Md,California
2014-03-11T03:01:54.300Z,34.0018,-106.8087,5,3.3,ml,New Mexico
2014-03-11T02:59:45.300Z,44.5263,-110.8697,3.2,2.2,Ml,Wyoming
2014-03-11T02:57:54.500Z,44.5268,-110.8467,2.2,1.2,Md,Wyoming
2014-03-11T02:57:35.500Z,44.5263,-110.8682,2.1,1.7,Ml,Wyoming
2014-03-11T02:57:25.700Z,44.5305,-110.8365,2.1,0.7,Ml,Wyoming
2014-03-11T02:44:05.990Z,-60.8391,-19.9569,10,6.4,mww,East of the South Sandwich Islands
